-44,-12,-2
-45,-12,-3
-58,-8,-10
-48,6,-6
-47,4,-7
-56,-6,-9
-52,-5,-14
-50,-4,-15
-57,-8,-8
-56,-6,-8
-58,-6,-11
-51,-3,-15
-49,6,-7
-52,-4,-14
-50,-4,-14
-59,-7,-10
-53,-5,-12
-50,8,-6
-56,-5,-9
-50,-5,-13
-48,-2,-14
-52,-4,-13
-53,-2,-13
-58,-7,-8
-54,-4,-12
-48,-3,-13
-49,6,-9
-50,-2,-14
-48,4,-8
-56,-5,-8
-49,5,-6
-60,-8,-10
-52,-4,-12
-48,-2,-13
-58,-6,-8
-53,-3,-12
-50,7,-5
-47,-2,-12
-50,7,-9
-53,-5,-10
-59,-32,12
-59,-32,13
-58,-7,-7
-53,-4,-11
-51,8,-7
-59,-32,11
-56,-6,-5
-46,-1,-12
-59,-36,14
-50,-4,-12
-47,2,-4
-60,-32,10
-60,-7,-11
-60,-31,5
-60,-33,10
-60,-31,11
-61,-32,8
-61,-31,7
-48,3,-7
-56,-5,-5
-58,-32,2
-58,-34,12
-60,-32,13
-58,-8,-7
-61,-31,8
-58,-30,12
-59,-32,3
-60,-34,11
-61,-33,9
-59,-31,2
-60,-32,6
-60,-30,5
-60,-8,-9
-60,-33,13
-59,-32,6
-61,-32,6
-59,-30,11
-59,-35,12
-58,-6,-6
-61,-30,6
-61,-31,4
-62,-32,9
-61,-32,12
-50,6,-9
-58,-33,4
-62,-31,5
-49,5,-4
-60,-30,6
-58,-5,-9
-62,-32,6
-60,-35,11
-45,-6,1
-58,-29,3
-60,-30,10
-60,-32,3
-60,-35,14
-52,-5,-10
-47,-2,-11
-56,-29,2
-62,-31,9
-60,-30,7
-60,-33,7
-62,-31,4
-50,0,-13
-49,-2,-12
-60,-30,9
-47,-38,15
-56,-4,-5
-60,-30,8
-63,-32,8
-58,-31,10
-62,-32,5
-61,-29,5
-61,-30,9
-63,-17,-3
-60,-7,-9
-62,-31,10
-61,-31,2
-55,-19,-3
-61,-35,12
-61,-29,3
-63,-16,-4
-61,-25,4
-59,-33,3
-63,-31,4
-60,-34,8
-59,-29,11
-52,8,-8
-63,-31,8
-51,6,-8
-60,-36,11
-61,-32,2
-61,-28,4
-63,-30,4
-47,1,-2
-62,-34,8
-62,-25,4
-56,-29,1
-50,-1,-12
-44,-7,1
-58,-4,-11
-59,-30,6
-60,-23,4
-63,-33,7
-62,-26,4
-57,-4,-5
-60,-35,9
-62,-33,6
-59,-6,-7
-64,-19,-6
-46,-38,15
-59,-28,3
-62,-25,5
-63,-32,2
-62,-28,5
-45,-7,-1
-62,-34,12
-63,-29,4
-62,-24,5
-63,-29,5
-59,-30,8
-50,5,-9
-47,-3,-10
-62,-30,2
-64,-31,3
-62,-26,5
-63,-19,-3
-60,-24,5
-64,-20,-4
-64,-32,7
-64,-32,2
-62,-17,-2
-62,-27,5
-62,-30,11
-58,-29,11
-61,-22,5
-56,-7,-4
-60,-23,6
-63,-17,-6
-60,-27,3
-64,-32,3
-64,-30,3
-44,-9,0
-64,-31,7
-63,-29,6
-61,-35,15
-61,-29,10
-64,-17,-5
-59,-22,6
-63,-26,4
-59,-5,-10
-63,-31,10
-62,-33,5
-60,-21,6
-45,-8,-2
-57,-7,-4
-53,-30,12
-66,-30,1
-63,-35,9
-55,-30,12
-60,-30,1
-59,-21,6
-64,-34,9
-61,-22,6
-65,-32,2
-60,-28,5
-63,-26,5
-60,-29,7
-53,-19,11
-66,-31,2
-45,-7,-2
-63,-26,3
-62,-33,3
-64,-34,10
-48,4,-2
-66,-30,2
-52,-19,11
-65,-35,10
-64,-31,8
-63,-29,2
-64,-29,5
-62,-36,12
-60,-7,-7
-62,-33,4
-58,-21,8
-62,-14,-5
-50,4,-8
-61,-18,-2
-60,-7,-5
-63,-34,7
-63,-33,3
-51,5,-8
-55,-7,-4
-62,-14,-4
-58,-34,4
-59,-20,7
-60,-25,5
-62,-29,8
-59,-22,9
-65,-29,3
-64,-30,7
-48,-4,-10
-59,-27,3
-52,-20,11
-59,-23,6
-60,-23,8
-60,-25,2
-62,-29,12
-64,-27,3
-60,-20,7
-54,-20,11
-63,-33,12
-61,-21,6
-64,-26,4
-64,-29,6
-64,-17,-6
-53,-30,11
-53,-4,-9
-65,-29,4
-50,-2,-11
-65,-30,5
-57,-20,-4
-65,-28,3
-62,-33,14
-63,-27,2
-63,-34,12
-66,-28,2
-64,-26,3
-58,-20,-3
-53,-17,10
-60,-28,10
-64,-33,5
-56,-28,1
-63,-25,2
-55,-17,10
-61,-27,6
-59,-20,6
-61,-22,2
-63,-16,-2
-62,-35,14
-62,-34,14
-59,-5,-9
-48,-1,-11
-63,-36,9
-64,-20,-2
-55,-6,-3
-57,-3,-5
-55,-19,10
-63,-15,-5
-53,-16,10
-63,-23,3
-47,-4,2
-57,-4,-3
-65,-29,5
-62,-28,7
-55,-28,0
-64,-28,6
-60,-27,5
-60,-26,5
-64,-22,-3
-64,-18,-2
-55,-16,10
-64,-25,3
-61,-12,-7
-61,-28,10
-63,-24,6
-66,-27,2
-65,-28,1
-62,-25,1
-56,-19,-2
-57,-21,8
-59,-26,3
-47,0,-5
-52,-30,11
-56,-20,11
-61,-21,3
-60,-8,-4
-49,-37,13
-59,-34,4
-45,-6,4
-47,0,-11
-61,-21,8
-59,-21,10
-57,-29,11
-50,-19,10
-63,-29,8
-49,-18,10
-52,-20,10
-61,-24,8
-57,-22,8
-59,-26,2
-55,-19,-2
-60,-23,10
-49,-4,-10
-62,-23,0
-64,-32,11
-59,-23,3
-55,-21,11
-63,-31,13
-60,-6,-6
-61,-20,6
-64,-22,-4
-62,-21,-2
-58,-22,10
-63,-22,-1
-63,-25,1
-65,-32,8
-59,-5,-4
-52,-12,8
-65,-34,8
-57,-18,10
-48,2,-8
-55,-27,1
-62,-14,-3
-60,-19,7
-61,-23,0
-62,-21,4
-60,-10,-7
-61,-27,12
-62,-11,-9
-61,-22,1
-56,-20,-2
-62,-24,0
-59,-9,-6
-52,-28,11
-65,-30,7
-46,-18,10
-65,-23,-2
-56,-29,0
-58,-19,8
-62,-13,-5
-61,-28,1
-64,-25,12
-62,-26,7
-59,-27,4
-62,-23,-1
-47,-5,5
-60,-23,1
-52,-31,11
-57,-19,9
-61,-21,-2
-63,-27,1
-53,-13,8
-62,-28,1
-59,-27,11
-62,-9,-10
-58,-23,7
-58,-22,5
-64,-31,11
-62,-15,-2
-66,-28,5
-56,-21,10
-63,-26,7
-61,-8,-6
-58,-23,10
-53,-24,11
-59,-5,-7
-60,-6,-7
-60,-20,4
-55,-19,9
-66,-29,5
-59,-24,9
-61,-22,-2
-65,-25,4
-60,-27,1
-64,-24,1
-61,-22,-3
-44,-11,8
-62,-23,8
-57,-21,11
-58,-20,11
-61,-20,4
-56,-15,10
-63,-22,4
-64,-28,7
-58,-21,5
-47,-21,11
-65,-25,3
-58,-18,10
-55,-3,-6
-66,-26,6
-64,-23,1
-57,-16,11
-57,-18,9
-60,-19,9
-51,-11,7
-54,-21,-2
-50,-6,-9
-52,-11,7
-48,-4,4
-52,-17,9
-62,-23,-2
-61,-34,5
-64,-27,7
-64,-34,6
-60,-20,10
-59,0,3
-59,-22,11
-47,0,-6
-50,4,-4
-67,-26,3
-62,-22,-4
-53,-13,7
-60,-26,11
-58,-8,-4
-63,-23,11
-60,-22,11
-60,-25,10
-62,-28,9
-60,-23,11
-52,-27,11
-59,-21,-4
-59,-18,9
-63,-34,5
-58,0,3
-55,-13,9
-62,-22,8
-65,-22,0
-65,-31,9
-57,-20,7
-47,1,-9
-51,-12,6
-63,-25,0
-48,-18,9
-65,-30,8
-62,-13,-4
-64,-32,12
-59,-18,8
-55,-21,-2
-61,-21,-1
-61,-25,9
-66,-32,5
-61,-21,10
-59,1,3
-54,9,-8
-44,-12,8
-51,-19,9
-54,-14,8
-63,-25,12
-65,-36,8
-55,-27,0
-59,-28,5
-64,-24,-1
-47,-3,-9
-64,-34,12
-65,-24,0
-63,-21,0
-66,-26,0
-63,-25,8
-62,-9,-9
-51,-16,9
-65,-27,0
-63,-14,-5
-60,-22,-1
-58,-4,-3
-50,-19,9
-65,-31,10
-53,-15,8
-63,-20,-1
-60,-11,-6
-57,-15,10
-52,-13,6
-64,-35,7
-66,-25,2
-57,-8,-4
-66,-23,0
-49,2,-5
-65,-26,8
-61,-26,12
-52,-11,6
-49,-19,9
-54,-21,9
-55,-23,11
-66,-28,7
-44,-12,7
-64,-30,12
-52,-4,-9
-57,-3,-10
-65,-26,0
-62,-27,8
-64,-26,11
-53,-11,7
-45,-9,-1
-48,3,-1
-56,-15,9
-57,-21,-3
-59,-27,10
-52,-15,8
-66,-25,0
-63,-26,12
-55,-27,2
-62,-11,-7
-62,-27,10
-46,-18,9
-54,-2,-2
-64,-29,0
-43,-13,8
-62,-20,4
-49,-16,9
-60,-20,11
-52,5,-7
-61,-21,1
-64,-27,12
-64,-25,9
-44,-11,6
-61,-8,-3
-56,-6,-2
-53,-13,6
-57,-9,-5
-65,-27,8
-59,-20,4
-60,-23,-2
-59,-25,1
-49,-12,7
-61,-7,-8
-62,-20,6
-48,2,-1
-62,-20,-1
-57,-22,6
-51,4,-9
-54,-26,11
-64,-27,0
-57,0,3
-63,-27,8
-51,-10,7
-59,-21,3
-57,-3,-2
-63,-28,10
-62,-10,-7
-63,-21,3
-53,-17,8
-59,-17,9
-63,-28,9
-57,-6,-2
-51,-15,8
-64,-23,5
-59,-22,-3
-61,-2,4
-59,-3,4
-54,-18,8
-54,10,-7
-47,-16,8
-61,-23,-3
-49,2,-4
-61,-7,-3
-55,-18,8
-63,-21,4
-63,-22,10
-54,-22,9
-66,-33,4
-44,-12,6
-43,-17,9
-60,-22,-4
-44,-7,3
-59,-17,10
-64,-27,11
-55,-8,-4
-60,-24,-1
-58,-20,5
-66,-24,1
-62,-20,7
-46,-6,0
-62,-11,-5
-65,-24,8
-65,-30,11
-49,-11,7
-52,-2,-10
-66,-36,8
-47,1,-11
-58,-1,2
-48,0,-3
-65,-29,9
-44,-13,9
-63,-24,-2
-46,-20,10
-65,-28,13
-66,-34,8
-48,-1,-1
-53,-5,-6
-65,-24,6
-64,-22,10
-45,-12,6
-45,-13,7
-56,-23,9
-56,-21,7
-51,-16,8
-48,-13,8
-44,-9,7
-55,-26,1
-65,-24,7
-47,-14,9
-62,-9,-7
-64,-30,13
-49,0,-11
-54,7,-8
-62,-10,-5
-58,-27,11
-63,-21,5
-59,-22,-1
-51,-17,8
-62,-25,-1
-43,-17,8
-48,-12,7
-47,-18,8
-59,-22,2
-66,-32,10
-62,-12,-4
-59,-17,8
-66,-33,8
-57,0,2
-43,-14,8
-50,-17,8
-62,-37,8
-49,-20,9
-58,-3,4
-49,-12,6
-61,-20,11
-50,-18,8
-47,-14,7
-45,-13,9
-58,-17,8
-59,-4,-5
-57,-17,8
-60,-26,0
-53,-12,5
-54,-20,8
-66,-31,8
-63,-18,-1
-46,-11,8
-44,-13,6
-48,-4,-9
-59,-4,-10
-62,-27,0
-59,-9,-4
-54,-3,0
-64,-32,13
-54,-4,-1
-57,2,2
-65,-34,3
-57,-14,9
-65,-30,12
-58,-23,4
-58,-4,-2
-48,-11,8
-44,-14,9
-44,-15,8
-66,-31,10
-54,-23,-1
-66,-31,9
-60,-27,8
-59,-16,10
-49,-5,-9
-63,-14,-2
-54,-12,6
-56,-5,-1
-53,-2,-1
-53,-27,10
-53,-13,5
-58,-18,7
-52,-10,6
-55,-1,-2
-66,-27,-1
-64,-15,-6
-64,-11,-9
-54,-11,7
-62,-36,7
-43,-14,7
-58,-15,9
-60,-19,12
-44,-10,5
-66,-26,-1
-60,-5,-11
-53,-16,7
-66,-33,7
-58,-22,-2
-66,-31,11
-62,-18,-1
-49,1,-12
-56,-3,-9
-53,-20,8
-58,-3,3
-47,-11,7
-59,-5,-2
-53,-6,-5
-58,-3,-6
-60,-24,-2
-58,-21,-5
-55,-1,0
-47,-15,6
-63,-13,-6
-53,-3,-2
-53,-26,10
-60,-18,11
-56,-2,1
-62,-20,0
-63,-20,3
-62,-8,-9
-49,-17,7
-60,-5,-10
-66,-22,1
-59,-25,0
-44,-14,6
-65,-34,4
-51,-16,7
-56,-1,3
-50,-16,7
-52,-2,3
-57,-3,0
-55,-24,10
-42,-19,11
-59,-22,0
-62,-20,10
-58,-25,10
-55,-4,0
-60,-27,0
-63,-10,-8
-51,-32,12
-54,-3,-6
-61,-8,-2
-54,-24,0
-51,-28,11
-56,-13,8
-56,-4,0
-42,-19,10
-55,-1,1
-43,-10,5
-58,-3,2
-54,-1,1
-56,-2,2
-55,5,-8
-63,-21,7
-64,-26,-1
-61,-19,3
-57,-21,-5
-57,0,1
-54,-17,7
-46,-16,6
-59,-4,-3
-63,-12,-4
-53,-1,0
-62,-20,12
-59,-16,8
-60,-17,7
-48,-2,-1
-57,-28,0
-60,1,2
-56,-22,-2
-58,-21,-1
-59,-18,6
-61,-20,1
-63,-21,8
-49,-18,7
-43,-19,10
-53,-2,-3
-63,-11,-6
-53,-4,-4
-62,-10,-3
-49,-22,10
-59,-26,0
-59,-25,8
-53,-21,8
-53,-22,-1
-43,-13,5
-57,-22,-2
-53,-4,-7
-51,-26,11
-54,-29,10
-59,-4,4
-59,-21,2
-56,-2,-6
-49,-16,6
-52,-2,2
-54,-1,2
-62,-18,7
-52,4,-8
-56,-21,-1
-63,-10,-7
-61,-18,5
-49,-12,5
-53,-10,6
-64,-22,8
-43,-9,6
-56,0,1
-47,-13,5
-56,6,-8
-62,-12,-3
-52,-13,4
-50,3,-9
-51,-18,7
-62,-19,9
-47,-14,5
-55,9,-8
-51,-12,4
-58,-5,-1
-59,-35,4
-64,-24,-3
-53,-2,3
-60,-16,10
-57,-23,6
-59,-3,1
-58,-13,9
-55,-1,3
-48,1,-11
-43,-16,6
-45,-8,1
-51,-10,5
-48,1,-9
-55,-25,-1
-55,-25,11
-57,-21,-1
-52,-26,10
-44,-14,5
-63,-15,-1
-59,-28,6
-42,-10,5
-45,-8,6
-63,-10,-6
-52,-16,6
-59,-24,-2
-51,-2,2
-47,-4,-1
-52,-1,1
-50,3,-3
-60,0,1
-45,-9,5
-58,-2,-4
-53,-16,6
-56,-17,7
-62,-16,-1
-64,-25,-2
-53,-21,-1
-64,-21,5
-58,-15,8
-53,-13,4
-46,-15,5
-64,-20,3
-55,-24,0
-61,-3,3
-59,-35,6
-50,2,-5
-48,-23,11
-44,-11,3
-53,6,-5
-50,-2,2
-47,-6,5
-50,-1,2
-56,-23,7
-58,-3,-10
-53,-19,7
-54,-26,10
-46,-17,6
-63,-19,6
-56,1,1
-56,-22,6
-57,-20,5
-58,-2,-11
-64,-20,4
-60,-20,0
-58,-6,-1
-55,-17,-2
-58,-4,3
-51,-11,4
-52,-19,7
-53,-1,-10
-62,-7,-5
-59,-1,0
-49,-20,8
-62,-19,10
-59,-25,6
-59,-15,8
-50,-23,10
-56,-14,7
-54,-2,-5
-54,-16,6
-52,0,3
-54,-20,7
-66,-22,2
-60,-35,5
-64,-13,-8
-49,1,-6
-58,-4,2
-55,-7,-2
-45,-15,5
-48,-22,10
-62,-18,4
-50,-6,-8
-49,-16,5
-64,-21,6
-47,-16,5
-65,-22,4
-48,-4,2
-55,-22,-4
-55,-11,7
-55,0,-1
-57,3,1
-61,-11,-3
-49,-1,0
-62,-19,0
-58,-24,5
-64,-14,-7
-61,-25,-2
-64,-20,5
-51,-14,4
-55,1,2
-56,-13,7
-54,0,-1
-52,-4,-8
-53,-5,-3
-55,8,-5
-53,-17,6
-58,-24,1
-49,0,-1
-58,-27,4
-53,-3,2
-50,-12,4
-47,-9,7
-62,-10,-2
-55,-19,-1
-42,-10,4
-45,-9,4
-56,-26,2
-57,-4,2
-61,-12,-3
-43,-21,12
-60,-1,0
-49,-1,-1
-61,-6,-8
-57,-27,0
-46,-7,3
-63,-18,4
-48,-21,9
-55,-5,0
-46,-7,4
-49,2,-1
-46,-7,2
-53,-6,-4
-62,-37,7
-48,-11,5
-53,0,0
-48,-20,8
-64,-19,5
-58,-5,0
-55,7,-6
-59,-4,-8
-53,0,2
-66,-23,4
-54,-12,4
-59,-3,-2
-63,-10,-2
-63,-14,-1
-64,-33,14
-52,-3,-1
-52,-22,-1
-64,-17,0
-55,-23,0
-63,-19,8
-65,-19,2
-60,-5,-1
-58,-2,-6
-52,-26,1
-49,-1,-2
-42,-20,11
-45,-11,-1
-61,-15,8
-50,-17,5
-52,-10,4
-46,-14,4
-65,-19,3
-52,-12,3
-51,4,-3
-51,-33,12
-56,-19,6
-53,-18,6
-53,-29,9
-62,-36,6
-56,0,-2
-49,-13,4
-50,-2,1
-62,-16,7
-50,-3,-9
-57,0,-1
-53,-30,9
-57,-21,4
-46,-9,5
-57,5,-8
-51,-32,11
-56,1,0
-50,-30,12
-53,-12,3
-66,-19,4
-52,0,2
-53,-16,5
-63,-17,5
-58,-8,-2
-46,-7,1
-48,-14,4
-61,-7,-1
-64,-20,7
-62,-18,10
-47,-22,10
-43,-15,5
-47,-6,3
-58,-1,-2
-55,-13,5
-54,-11,4
-61,-3,1
-55,10,-7
-64,-18,6
-57,-18,6
-49,-2,-9
-52,-1,-3
-60,-2,-1
-60,-4,-4
-63,-9,-2
-53,-25,1
-56,-9,-4
-46,-8,5
-54,-22,7
-55,5,-7
-55,3,2
-56,12,-1
-49,1,0
-47,-10,5
-48,-15,4
-59,-17,6
-56,0,-3
-64,-20,9
-64,-20,8
-55,-24,8
-53,-11,3
-63,-8,-9
-65,-17,5
-55,-19,6
-65,-21,7
-55,-4,2
-60,-14,8
-49,-2,-1
-57,-5,1
-53,-3,-8
-59,-11,-4
-55,-21,6
-51,0,-10
-56,-24,-1
-52,-6,-6
-47,-20,8
-63,-17,4
-63,-8,-10
-54,-10,5
-62,-16,6
-48,-12,4
-58,-29,7
-55,1,0
-52,-20,-1
-44,-17,6
-51,0,-2
-43,-21,11
-58,-1,-5
-51,-2,-2
-51,-18,5
-53,-15,4
-65,-19,6
-50,1,-5
-61,-17,5
-42,-20,10
-60,-13,-3
-53,-17,5
-58,-9,-3
-59,1,0
-59,-26,-1
-66,-22,5
-54,0,-3
-53,-3,-6
-60,-11,-3
-58,-5,4
-62,-18,11
-58,-25,-1
-63,-16,7
-63,-19,12
-63,-19,11
-59,-3,-10
-54,6,-3
-52,-28,9
-62,-9,-1
-59,-25,-2
-46,-8,4
-50,-2,-1
-59,-2,-3
-62,-16,9
-50,0,1
-61,-27,-1
-56,-4,4
-63,-18,1
-65,-17,2
-55,-26,-2
-56,-23,0
-57,-20,4
-49,-1,-9
-65,-16,5
-46,-24,12
-49,-20,7
-46,-9,4
-62,-18,2
-57,-25,0
-52,4,-4
-51,2,-4
-56,1,-1
-51,0,-3
-61,-5,-5
-65,-16,4
-55,6,-4
-50,-1,-3
-48,-4,-8
-62,-17,4
-52,-27,2
-50,-26,11
-51,-14,3
-55,6,-3
-53,6,-2
-57,8,-1
-52,1,-10
-61,-6,-11
-51,-3,0
-59,-10,-3
-56,0,-4
-52,-21,7
-57,-24,7
-53,-9,5
-51,-26,10
-62,-17,10
-52,-24,0
-49,0,-9
-50,1,-6
-55,-4,3
-62,-7,-10
-49,2,-10
-57,3,0
-46,-8,3
-56,9,-8
-58,-18,5
-52,3,-8
-47,-37,15
-51,4,-2
-60,-2,-2
-53,-3,-7
-50,-2,-2
-61,-3,-1
-61,-11,-2
-50,1,-10
-56,-27,11
-49,0,-6
-44,-16,5
-58,-28,5
-49,-18,4
-44,-23,12
-61,-6,6
-60,-4,-6
-60,-27,-1
-65,-16,3
-48,-1,-7
-52,-5,-6
-59,-26,7
-55,-12,4
-58,0,-2
-53,-4,2
-51,-15,3
-44,-19,8
-62,-18,1
-45,-15,4
-55,5,0
-63,-16,8
-64,-15,6
-65,-16,2
-59,-18,4
-56,-26,-1
-46,-11,3
-57,-25,9
-52,-15,3
-61,-4,-1
-56,6,-2
-64,-18,8
-52,-4,0
-59,-27,7
-50,-16,3
-57,-27,10
-63,-16,4
-50,-12,3
-62,-36,4
-52,3,-5
-50,-15,3
-61,-18,0
-58,-6,1
-62,-11,-1
-61,-4,-2
-45,-11,2
-59,3,1
-55,-26,10
-53,1,1
-52,-4,-3
-49,2,-11
-63,-15,0
-53,-20,0
-55,0,-4
-51,-21,7
-56,6,-4
-49,-36,13
-62,-17,0
-48,-9,5
-50,1,-7
-50,-27,11
-62,-14,7
-48,-22,9
-50,-33,13
-61,-10,-1
-53,-9,4
-51,5,-1
-52,4,-3
-53,-12,2
-65,-15,2
-54,-9,6
-60,-14,7
-65,-15,3
-49,-15,3
-63,-36,4
-56,9,-6
-56,5,-1
-56,4,-6
-52,-12,2
-45,-12,2
-56,9,-5
-52,0,-4
-53,-11,2
-45,-23,11
-56,2,-1
-52,-17,3
-62,-17,3
-57,1,-2
-61,-15,6
-64,-16,2
-65,-14,2
-62,-14,9
-49,-1,-5
-55,-25,2
-45,-10,0
-57,2,-1
-56,-21,4
-50,-7,6
-61,-7,0
-54,-23,1
-64,-14,1
-47,-12,3
-64,-36,5
-58,-6,2
-61,-2,-2
-62,-37,6
-57,5,0
-51,-19,4
-54,-16,4
-52,-4,3
-48,-13,3
-47,-7,3
-51,-2,-4
-64,-14,6
-52,-24,8
-58,3,0
-47,-3,-7
-58,-13,7
-53,0,-4
-39,-15,-1
-51,-8,5
-59,-6,4
-56,-6,1
-52,-21,0
-57,-19,4
-57,-2,-10
-41,-21,11
-55,-23,1
-62,-12,-1
-56,-23,5
-48,-10,4
-47,-9,4
-55,-25,-3
-58,-6,3
-55,5,-4
-45,-19,7
-57,-8,-1
-49,-20,6
-49,-18,3
-43,-22,11
-51,-17,2
-54,-7,-1
-49,-3,-1
-52,-22,0
-57,3,-6
-41,-21,12
-50,-17,2
-54,5,-3
-52,3,-3
-54,-17,4
-57,-13,6
-56,3,-1
-50,0,-9
-53,-1,-5
-56,5,-2
-53,-10,2
-55,11,-7
-52,-5,-5
-51,4,-1
-50,-18,2
-56,-28,10
-61,-1,-2
-59,-7,1
-49,-19,4
-54,-22,1
-59,-1,-5
-55,-22,5
-40,-21,12
-50,-30,11
-57,7,-6
-55,-6,1
-50,-1,-5
-56,-17,5
-51,1,-6
-53,-17,3
-54,5,0
-53,4,-4
-53,-5,1
-57,7,-2
-55,-7,0
-64,-16,8
-47,-15,3
-57,6,-5
-62,-15,5
-60,-3,-5
-51,-19,2
-50,-16,2
-51,-18,1
-52,-19,2
-57,8,-8
-55,4,-1
-64,-36,4
-48,-3,-3
-62,-8,7
-48,-2,-6
-59,-10,-2
-50,-5,4
-51,-15,2
-55,3,-8
-50,3,0
-49,-5,3
-44,-12,0
-48,-6,3
-54,-10,2
-47,-22,9
-53,-8,5
-51,-5,5
-44,-13,2
-57,-6,4
-62,-12,9
-56,-6,2
-47,-7,2
-53,-19,1
-53,-7,-3
-57,7,-5
-55,-13,3
-54,-9,3
-58,-12,7
-45,-21,9
-54,-15,3
-55,-21,1
-49,-22,8
-60,-9,0
-56,-19,4
-55,-19,4
-59,0,-3
-55,-9,6
-57,-24,4
-61,-6,1
-62,-6,5
-57,-6,5
-51,-2,-5
-55,-21,4
-48,-9,4
-57,-22,2
-49,-4,1
-58,4,-7
-52,1,-5
-53,3,-8
-62,-6,-1
-50,-2,-8
-53,2,-1
-57,5,-1
-50,-7,5
-62,-11,0
-56,-12,4
-55,-16,4
-56,-22,1
-48,-11,3
-53,-22,6
-47,-5,-1
-51,1,-9
-56,3,-6
-51,1,-7
-65,-37,6
-50,-17,1
-55,-18,4
-63,-37,5
-53,2,-3
-58,3,-7
-54,4,-6
-57,-8,0
-57,8,-4
-53,-5,2
-53,2,0
-55,-9,-3
-53,-8,4
-51,-26,1
-51,0,-9
-59,0,-4
-54,4,0
-57,-21,1
-55,-9,4
-49,-19,3
-57,-11,-4
-60,-8,7
-49,-35,14
-57,8,-5
-42,-22,11
-54,-20,3
-51,-4,-1
-51,5,0
-46,-15,3
-59,4,1
-48,-25,11
-61,-4,-5
-54,-16,3
-47,-9,3
-46,-10,2
-65,-36,5
-38,-22,13
-51,-21,0
-56,-27,10
-57,-11,6
-51,-17,0
-51,-20,3
-59,-8,1
-52,2,0
-56,-22,3
-53,3,-4
-49,-15,2
-61,-37,4
-54,-21,2
-55,-7,1
-51,1,-8
-54,-8,6
-63,-15,1
-54,-8,-1
-55,-20,3
-63,-13,1
-47,-16,3
-44,-17,5
-60,-7,5
-52,-5,0
-59,-7,4
-57,-1,-7
-62,-5,-5
-56,-14,4
-52,3,-1
-59,-9,0
-60,-37,6
-53,3,-2
-53,2,-4
-58,-13,6
-54,-22,5
-49,-3,-3
-59,1,-2
-60,-37,4
-58,-11,7
-54,-8,4
-56,-26,-2
-54,-5,4
-53,-2,-8
-50,-12,2
-63,-13,4
-58,2,-7
-51,-29,9
-51,-4,-2
-58,-2,-8
-48,-3,-4
-57,-8,1
-55,-19,3
-55,-9,2
-61,-7,5
-63,-37,4
-53,-28,8
-60,-7,3
-62,-12,0
-56,2,-4
-54,-11,1
-50,-5,3
-48,-10,3
-54,-14,2
-56,-21,2
-51,-3,-6
-57,3,-4
-60,-14,-2
-50,-2,-6
-52,-11,1
-47,-13,2
-58,-27,8
-47,-4,-3
-59,2,-1
-51,-22,0
-62,-16,3
-60,-12,7
-56,-11,3
-63,-14,3
-56,-10,3
-62,-6,-10
-53,-5,4
-52,2,1
-53,-25,2
-48,-7,3
-53,-6,1
-63,-16,10
-42,-23,12
-59,-17,4
-48,-14,2
-55,-9,1
-57,-8,2
-59,0,-6
-64,-10,2
-52,5,0
-55,-8,2
-57,9,-5
-62,-4,-3
-55,-8,3
-51,-27,9
-61,-9,1
-50,-6,4
-57,-20,1
-47,-12,2
-53,3,1
-48,-20,5
-64,-10,3
-49,-5,-7
-62,-10,1
-53,-7,5
-56,-20,2
-44,-20,8
-63,-11,2
-59,-2,-8
-54,-25,7
-47,-8,2
-55,-30,9
-63,-13,9
-55,-8,6
-53,-17,0
-61,-4,-9
-51,-21,5
-52,-21,4
-50,-21,-1
-59,-9,7
-54,-7,2
-59,-11,-2
-55,-19,2
-52,-21,3
-63,-12,9
-55,-10,1
-52,-6,5
-57,-10,5
-53,-7,4
-52,-14,1
-52,0,-6
-54,3,-4
-50,-15,1
-56,-11,-4
-61,-11,7
-54,-7,3
-49,-6,3
-49,-29,12
-50,-35,12
-50,-20,1
-54,-7,4
-54,-17,2
-50,-34,12
-56,-8,5
-50,-3,-6
-59,1,-3
-58,-8,5
-48,-8,3
-57,-27,9
-51,-23,7
-51,-6,4
-56,-25,3
-58,4,-5
-57,-9,2
-50,-20,-1
-48,-12,2
-57,-10,4
-45,-23,10
-45,-15,3
-58,-26,5
-62,-13,0
-57,-26,-2
-51,-5,2
-58,-18,3
-59,1,-5
-49,-24,9
-55,3,-7
-55,-16,3
-53,-7,2
-54,-1,-6
-56,-12,-4
-50,-25,0
-47,-24,10
-57,-12,4
-53,-8,0
-63,-7,-1
-53,-23,2
-53,-24,2
-51,-12,1
-55,13,-4
-43,-24,12
-61,-8,5
-51,-21,3
-58,4,-1
-55,12,-6
-50,-17,-1
-54,-9,-2
-58,-9,3
-54,-13,1
-53,-15,1
-50,-14,1
-57,-25,4
-58,-9,4
-56,-10,1
-56,-19,2
-62,-14,0
-62,-16,2
-49,-27,11
-56,-19,1
-61,-17,1
-59,-18,0
-48,-4,-2
-60,-9,2
-60,-9,6
-54,-17,0
-61,-8,4
-56,1,-6
-56,-14,3
-57,-10,-2
-58,7,-5
-48,-11,2
-52,-22,5
-59,0,-7
-59,-9,3
-47,-15,2
-58,-11,5
-62,-7,3
-48,-21,6
-50,-21,0
-52,-6,-3
-55,-24,3
-47,-4,-6
-53,2,-6
-50,-24,8
-54,3,-7
-59,-9,4
-55,-18,1
-51,-5,0
-59,-10,6
-52,-6,-1
-62,-11,2
-62,-9,4
-56,-2,-9
-49,-21,5
-52,-8,1
-62,-8,3
-57,-10,1
-52,-15,0
-54,-23,4
-60,-9,5
-42,-22,10
-62,-9,3
-58,6,-4
-58,-10,0
-65,-37,5
-58,3,-3
-52,-22,3
-51,-25,1
-58,-10,2
-58,-26,7
-59,-10,1
-50,-17,-2
-55,-24,5
-56,-11,1
-53,0,-6
-57,-10,0
-50,-29,10
-61,-10,2
-52,-7,1
-60,1,-3
-48,-10,2
-63,-13,10
-56,-10,-1
-52,-11,0
-54,-16,1
-53,2,-7
-51,-15,-1
-42,-20,8
-55,-11,0
-62,-12,3
-59,-16,4
-42,-24,12
-52,-23,2
-51,-14,0
-49,-17,0
-59,-10,3
-54,-12,0
-54,-15,1
-51,-15,-2
-57,-12,-3
-53,-1,-7
-58,-12,4
-49,-21,4
-49,-26,10
-54,-24,5
-59,-14,-2
-52,-13,0
-61,-3,-8
-55,-24,4
-56,-25,7
-57,-13,3
-53,-26,3
-59,4,-6
-48,-13,1
-49,-20,1
-52,-7,-4
-49,-9,2
-50,-24,0
-60,-12,5
-50,-15,-1
-50,-8,2
-56,-27,9
-47,-12,1
-49,-15,0
-48,-20,3
-48,-21,5
-51,-6,1
-49,-21,3
-46,-10,-2
-41,-23,11
-53,-1,-8
-56,-11,-3
-57,-12,2
-50,-5,0
-54,-10,-2
-59,-11,0
-52,-23,5
-49,-4,-3
-59,5,-6
-50,-6,-6
-54,-24,4
-44,-22,9
-61,-12,4
-55,13,-6
-55,-12,0
-51,-12,0
-54,-11,-1
-58,-12,3
-66,-36,4
-60,-17,0
-47,-14,1
-55,-14,1
-59,-12,4
-55,2,-6
-49,-14,0
-49,-24,8
-57,-11,0
-59,-11,2
-53,-24,5
-51,-11,0
-48,-4,-4
-41,-24,12
-56,1,-7
-54,2,-6
-49,-6,1
-60,-12,4
-60,-16,3
-54,-15,0
-48,-17,1
-55,-25,6
-50,-6,1
-54,-14,0
-61,-16,2
-50,-7,-6
-60,-17,1
-50,-23,6
-44,-21,8
-58,-14,-2
-47,-26,11
-59,3,-4
-49,-22,5
-57,-13,2
-57,-12,1
-50,-9,1
-58,-13,3
-55,-27,4
-53,-24,4
-56,-16,-1
-59,-12,3
-52,-10,-1
-56,-26,8
-45,-19,5
-56,-16,2
-61,-13,3
-60,-12,3
-55,-16,0
-54,-12,-1
-52,-25,6
-60,2,-3
-41,-25,13
-56,0,-7
-55,2,-7
-54,2,-7
-48,-14,0
-52,-8,-4
-48,-27,11
-55,-12,-1
-47,-21,5
-45,-26,12
-46,-19,4
-59,-12,2
-59,4,-4
-54,-11,-2
-52,-13,-1
-57,-13,-2
-54,-27,7
-40,-23,11
-49,-9,1
-48,-26,10
-55,-27,8
-57,-12,-1
-56,-12,-2
-59,-13,3
-61,-13,2
-44,-24,10
-48,-15,0
-49,-8,1
-49,-5,-1
-43,-19,6
-49,-14,-1
-39,-24,13
-56,12,-7
-50,-13,-1
-54,-14,-1
-54,-26,6
-61,-15,0
-40,-24,12
-51,-6,-4
-55,-14,-2
-50,-14,-2
-59,-17,0
-48,-19,1
-60,-14,3
-56,-15,1
-50,-10,0
-49,-24,7
-56,-29,7
-43,-21,8
-47,-22,6
-56,-28,8
-54,-14,-2
-55,-14,-1
-49,-19,-1
-56,1,-8
-48,-16,0
-58,-13,-1
-42,-26,13
-49,-11,0
-49,-30,11
-59,-13,2
-54,-13,-3
-58,-17,0
-57,-27,5
-49,-20,-1
-50,-12,-1
-50,-35,11
-58,-14,2
-60,-13,1
-48,-7,0
-59,-14,-1
-41,-24,11
-51,-9,-1
-54,-26,5
-58,-13,0
-53,-26,5
-46,-13,0
-54,1,-7
-59,-15,-1
-46,-18,3
-58,-16,2
-52,-13,-2
-49,-10,0
-56,-26,7
-35,-23,13
-47,-16,1
-49,-24,1
-57,-14,0
-60,-14,2
-59,-14,2
-46,-21,5
-52,-12,-2
-50,-24,3
-48,-24,7
-60,-16,1
-57,-26,6
-57,-16,0
-44,-20,6
-47,-21,3
-50,-25,2
-48,-28,11
-43,-14,2
-48,-25,8
-60,-14,0
-53,-12,-3
-44,-19,5
-47,-22,4
-51,-27,3
-49,-35,12
-51,-7,-4
-48,-23,2
-52,-10,-3
-47,-6,-2
-49,-25,7
-45,-14,1
-39,-23,11
-51,-26,6
-59,-14,1
-43,-27,13
-51,-25,4
-51,-11,-2
-49,-11,-1
-51,-26,3
-58,-15,1
-59,-16,0
-49,-24,4
-50,-12,-2
-52,-11,-3
-47,-13,-1
-51,-10,-2
-48,-24,6
-45,-27,12
-56,-27,7
-51,-9,-2
-50,-7,-5
-47,-15,0
-46,-12,-2
-40,-25,12
-56,-28,6
-40,-24,11
-46,-22,5
-50,-6,-3
-47,-25,1
-47,-21,2
-50,-13,-3
-40,-26,13
-48,-24,4
-45,-13,0
-50,-11,-2
-47,-26,1
-46,-23,6
-46,-17,2
-48,-22,0
-48,-7,-1
-49,-26,2
-47,-24,3
-48,-21,0
-48,-32,13
-43,-21,7
-47,-12,-2
-43,-24,9
-49,-6,-2
-47,-6,-4
-40,-23,10
-49,-25,5
-48,-6,-2
-47,-24,4
-49,-26,7
-47,-10,-2
-50,-12,-3
-44,-21,6
-47,-14,-1
-47,-18,1
-46,-23,4
-43,-27,12
-46,-28,12
-55,0,-8
-51,-27,4
-46,-24,3
-50,-9,-2
-42,-14,2
-38,-24,12
-41,-19,6
-42,-17,4
-47,-25,3
-50,-26,4
-51,-27,5
-39,-32,16
-45,-23,6
-50,-7,-3
-45,-24,7
-40,-27,13
-46,-27,10
-46,-24,4
-40,-31,15
-47,-21,1
-40,-26,12
-46,-25,3
-40,-29,14
-45,-24,2
-41,-32,15
-47,-13,-2
-45,-24,3
-46,-22,2
-45,-28,12
-41,-23,9
-43,-25,9
-40,-32,15
-49,-26,4
-44,-17,3
-47,-8,-3
-48,-34,13
-50,-32,9
-50,-28,7
-46,-23,1
-50,-9,-3
-47,-36,14
-48,-30,11
-45,-23,3
-39,-32,15
-43,-30,14
-44,-28,12
-48,-18,-1
-39,-29,14
-50,-27,4
-48,-26,6
-39,-27,13
-41,-29,13
-47,-15,-1
-30,-24,15
-34,-24,13
-43,-28,12
-38,-32,15
-39,-33,15
-30,-24,13
-38,-35,15
-40,-27,12
-40,-31,14
-37,-25,13
-39,-35,15
-45,-25,4
-46,-15,0
-37,-33,15
-42,-31,14
-43,-23,7
-44,-27,10
-44,-22,5
-49,-9,-3
-46,-29,12
-38,-28,14
-46,-26,7
-37,-31,15
-32,-24,14
-45,-17,2
-44,-23,5
-44,-20,4
-49,-35,11
-48,-16,-2
-44,-24,4
-46,-17,1
-37,-30,15
-38,-27,13
-34,-24,12
-49,-27,4
-44,-25,4
-43,-31,14
-39,-27,12
-48,-27,3
-43,-27,10
-39,-25,11
-36,-24,12
-43,-22,6
-41,-22,8
-37,-29,15
-43,-34,15
-44,-21,4
-40,-29,12
-44,-22,4
-48,-31,11
-37,-27,14
-42,-22,7
-39,-31,13
-50,-28,5
-44,-23,3
-42,-32,14
-37,-33,14
-40,-27,11
-46,-23,0
-49,-32,10
-36,-32,14
-45,-23,1
-47,-27,3
-44,-26,7
-37,-28,13
-43,-19,4
-37,-27,13
-39,-30,12
-45,-30,13
-46,-18,1
-38,-30,12
-48,-27,5
-35,-25,15
-36,-23,11
-48,-29,9
-36,-26,15
-46,-27,3
-44,-28,10
-36,-29,14
-43,-24,5
-41,-33,14
-43,-25,2
-50,-29,6
-43,-32,14
-47,-27,6
-47,-31,12
-45,-27,3
-43,-23,5
-36,-27,14
-33,-25,13
-40,-29,11
-40,-32,13
-39,-31,12
-43,-26,4
-33,-25,14
-32,-25,13
-36,-28,15
-42,-27,9
-36,-27,15
-45,-27,7
-36,-25,12
-39,-35,14
-43,-31,13
-42,-33,14
-43,-24,3
-39,-30,11
-37,-33,13
-43,-26,6
-50,-29,5
-43,-27,3
-35,-30,15
-45,-13,-1
-41,-31,12
-34,-25,12
-35,-26,13
-43,-23,4
-42,-15,2
-49,-35,10
-49,-33,10
-44,-30,12
-37,-31,11
-40,-35,14
-47,-15,-2
-39,-25,10
-37,-28,11
-39,-32,12
-36,-26,12
-45,-27,5
-36,-32,12
-36,-30,11
-48,-28,6
-42,-26,3
-34,-26,14
-35,-28,14
-42,-28,9
-43,-21,4
-42,-26,4
-42,-30,11
-30,-26,14
-42,-26,6
-37,-30,10
-35,-29,13
-38,-34,13
-35,-33,13
-37,-27,11
-37,-29,10
-49,-34,10
-47,-32,12
-43,-27,6
-36,-24,11
-40,-27,9
-37,-25,11
-44,-18,2
-47,-18,-1
-46,-31,12
-43,-32,13
-35,-31,12
-44,-33,14
-36,-30,10
-41,-32,12
-36,-33,12
-49,-29,6
-30,-26,13
-41,-30,10
-45,-21,1
-42,-19,4
-34,-26,12
-42,-27,6
-45,-28,7
-39,-33,12
-42,-21,5
-45,-18,1
-46,-18,0
-42,-23,5
-47,-29,8
-38,-30,9
-32,-25,11
-44,-23,1
-34,-27,15
-44,-31,12
-44,-32,13
-30,-27,15
-42,-28,3
-34,-30,14
-45,-20,1
-35,-25,11
-37,-32,10
-38,-24,10
-39,-35,13
-34,-28,15
-45,-34,14
-34,-29,14
-35,-30,11
-43,-17,2
-47,-35,13
-40,-23,8
-43,-30,10
-38,-31,9
-39,-26,9
-37,-27,10
-44,-28,4
-30,-27,14
-41,-26,4
-45,-28,5
-36,-33,11
-42,-28,4
-41,-28,7
-33,-30,16
-41,-24,6
-41,-28,3
-43,-28,5
-46,-33,13
-40,-29,8
-47,-33,12
-48,-36,11
-43,-29,8
-34,-29,13
-37,-28,9
-31,-30,17
-39,-28,8
-39,-34,12
-43,-33,13
-42,-20,4
-42,-23,4
-41,-26,3
-30,-28,15
-33,-27,16
-45,-22,0
-47,-17,-2
-34,-26,11
-41,-23,6
-40,-31,9
-37,-31,8
-44,-35,14
-48,-29,4
-38,-32,9
-37,-33,10
-41,-22,6
-45,-36,14
-40,-27,6
-38,-31,8
-41,-29,7
-31,-28,16
-44,-33,13
-44,-32,12
-43,-29,7
-49,-30,6
-42,-21,4
-33,-27,12
-41,-30,8
-31,-28,15
-32,-28,15
-44,-18,1
-38,-34,11
-43,-36,14
-33,-25,10
-39,-31,8
-41,-32,10
-40,-28,5
-33,-28,13
-39,-33,10
-42,-30,8
-33,-30,14
-46,-29,3
-45,-21,0
-41,-29,6
-37,-32,8
-42,-29,4
-38,-30,7
-39,-34,11
-43,-32,11
-32,-30,15
-31,-28,14
-42,-31,9
-49,-31,7
-42,-29,5
-44,-20,1
-31,-29,15
-38,-32,8
-39,-28,6
-38,-25,9
-45,-19,0
-37,-29,7
-38,-36,12
-41,-30,3
-38,-33,9
-46,-15,-2
-39,-27,6
-42,-23,3
-46,-30,8
-44,-30,8
-31,-27,12
-40,-25,5
-40,-35,12
-45,-30,8
-35,-29,9
-39,-32,8
-43,-31,9
-32,-28,13
-30,-27,12
-39,-31,7
-38,-35,11
-41,-22,5
-41,-32,9
-45,-32,11
-36,-28,8
-34,-29,11
-39,-27,3
-40,-30,6
-38,-28,6
-44,-33,12
-39,-25,7
-33,-30,13
-40,-30,4
-40,-31,7
-42,-31,8
-35,-28,9
-42,-18,2
-40,-32,8
-34,-24,9
-48,-34,10
-45,-31,9
-42,-30,6
-38,-27,6
-41,-19,4
-45,-30,7
-47,-35,12
-37,-30,6
-32,-27,11
-38,-28,4
-40,-24,5
-40,-16,2
-38,-26,7
-47,-30,6
-37,-35,10
-39,-32,7
-36,-35,10
-37,-28,6
-46,-18,-2
-31,-26,10
-41,-32,8
-40,-35,11
-32,-25,9
-44,-20,0
-39,-34,9
-43,-34,12
-41,-24,3
-46,-34,12
-32,-29,13
-42,-19,2
-41,-14,0
-43,-32,9
-41,-20,4
-40,-22,6
-38,-26,5
-39,-35,10
-43,-17,0
-40,-31,4
-37,-27,6
-34,-29,10
-43,-21,1
-41,-17,2
-46,-36,13
-36,-36,10
-41,-31,6
-38,-24,-2
-37,-35,9
-40,-31,5
-37,-37,11
-39,-25,4
-37,-36,10
-46,-17,-3
-38,-37,11
-46,-18,-3
-40,-34,9
-46,-17,-4
-44,-32,9
-42,-35,12
-42,-18,1
-38,-35,9
-36,-28,6
-41,-35,11
-40,-26,1
-37,-26,6
-45,-17,-5
-45,-19,-2
-35,-26,8
-37,-26,5
-32,-27,10
-45,-18,-4
-34,-28,9
-42,-22,2
-41,-16,0
-36,-27,6
-34,-25,8
-43,-34,11
-39,-25,3
-36,-26,7
-44,-15,-1
-38,-23,-3
-44,-21,-1
-41,-23,3
-46,-33,10
-34,-26,8
-44,-19,-2
-32,-28,11
-39,-32,5
-41,-17,1
-45,-17,-4
-43,-36,13
-45,-33,10
-43,-20,-4
-40,-33,7
-33,-29,11
-38,-23,8
-42,-32,7
-37,-25,5
-43,-33,9
-46,-35,12
-43,-16,-1
-47,-35,11
-40,-34,8
-34,-27,8
-44,-31,6
-36,-25,7
-43,-19,-2
-39,-24,4
-43,-18,-3
-46,-15,-4
-41,-20,3
-43,-31,5
-48,-32,7
-42,-16,-1
-41,-16,-1
-45,-31,6
-43,-20,-1
-35,-25,7
-44,-17,-3
-36,-25,4
-42,-20,1
-42,-20,-4
-42,-18,-2
-43,-34,10
-44,-31,4
-35,-27,6
-42,-17,-2
-40,-37,11
-42,-23,1
-43,-17,-3
-42,-34,9
-34,-28,8
-38,-24,4
-43,-21,-1
-46,-31,5
-43,-15,-1
-36,-24,7
-38,-35,7
-35,-25,6
-45,-33,9
-43,-17,-4
-35,-26,5
-31,-29,12
-42,-19,-5
-39,-24,3
-43,-23,-1
-37,-24,2
-37,-24,3
-44,-16,-3
-41,-16,-2
-43,-22,-2
-46,-34,10
-32,-26,8
-43,-35,11
-41,-23,2
-39,-23,4
-42,-22,-4
-44,-16,-4
-47,-36,11
-39,-24,-1
-48,-33,7
-42,-21,-2
-43,-16,-3
-40,-21,4
-39,-23,-3
-39,-35,7
-43,-34,9
-37,-22,-2
-44,-33,8
-34,-25,6
-36,-22,-1
-40,-33,5
-43,-37,13
-42,-34,8
-33,-26,7
-44,-32,6
-42,-23,-3
-45,-33,8
-40,-16,-2
-36,-23,1
-35,-24,5
-44,-35,11
-42,-22,-1
-42,-36,11
-41,-19,0
-43,-15,-2
-41,-24,-2
-38,-22,7
-40,-24,1
-43,-32,4
-39,-21,7
-41,-23,-2
-37,-23,4
-40,-24,0
-41,-37,11
-39,-23,-1
-41,-20,1
-41,-21,-5
-44,-15,-3
-37,-22,8
-41,-23,-1
-44,-32,4
-40,-23,2
-42,-37,12
-43,-34,8
-40,-21,-3
-41,-23,0
-45,-14,-3
-40,-18,-2
-33,-27,7
-46,-33,7
-40,-21,-4
-36,-23,2
-38,-23,2
-38,-23,1
-39,-23,2
-40,-21,-2
-40,-18,-3
-44,-14,-2
-35,-23,5
-40,-22,-1
-41,-34,6
-38,-22,4
-41,-19,-5
-32,-29,10
-45,-34,8
-40,-36,7
-40,-19,-1
-40,-17,-3
-40,-18,2
-40,-20,-1
-40,-21,2
-35,-22,6
-40,-20,2
-39,-22,0
-44,-35,9
-44,-36,11
-40,-19,1
-34,-24,4
-44,-34,7
-43,-37,12
-40,-20,1
-44,-33,5
-38,-21,5
-40,-35,5
-35,-23,3
-44,-14,-3
-40,-16,-3
-41,-18,-5
-38,-21,-2
-40,-18,-4
-44,-35,8
-44,-37,12
-39,-21,1
-45,-35,8
-43,-35,7
-44,-14,-4
-42,-35,6
-41,-36,6
-39,-20,6
-36,-22,3
-39,-17,-1
-42,-37,9
-39,-17,0
-38,-21,2
-43,-14,-4
-39,-19,0
-41,-37,6
-43,-13,-1
-39,-19,2
-40,-18,4
-43,-36,7
-44,-14,-5
-37,-21,-1
-43,-37,9
-42,-13,-1
-40,-15,-3
-39,-19,4
-44,-36,7
-43,-37,8
-40,-18,-5
-42,-15,-5
-40,-16,-4
-42,-13,-2
-39,-19,5
-38,-19,3
-40,-17,-5
-38,-18,-2
-38,-18,0
-38,-18,-3
-36,-21,0
-39,-18,4
-38,-17,0
-41,-13,-2
-37,-18,1
-36,-20,2
-36,-19,0
46,-17,-5
53,-30,9
53,5,-13
55,6,-12
54,6,-12
52,7,-13
52,7,-12
54,9,-14
53,9,-14
53,9,-13
51,10,-11
51,10,-13
52,10,-13
52,10,-12
51,9,-14
53,6,-11
52,8,-11
52,9,-11
55,9,-12
51,8,-10
52,10,-10
53,12,-11
51,7,-10
52,7,-10
53,-29,9
54,7,-10
56,5,-10
53,6,-10
54,9,-10
52,9,-8
54,-3,-10
55,-29,8
59,-28,4
62,-27,3
54,11,-10
56,10,-12
55,4,-10
63,-26,2
60,-26,3
53,7,-9
63,-26,3
54,9,-9
54,4,-10
60,-27,4
63,-4,4
54,7,-9
45,-10,8
53,-28,9
45,-11,7
46,-8,3
53,6,-9
63,-3,3
62,-4,6
55,11,-10
63,-4,3
54,-27,7
46,-10,6
53,-3,-11
61,-25,3
55,6,-9
54,-15,15
53,-16,15
62,-5,5
62,-5,4
60,-8,10
55,9,-9
58,-9,10
61,-25,4
60,-10,10
64,-27,5
55,5,-9
62,-5,3
61,-9,10
63,-6,3
62,-27,5
64,-25,2
65,-26,3
65,-28,4
51,-16,15
54,3,-10
62,-17,-3
60,-10,11
55,-29,9
59,-11,9
61,-28,5
61,-10,8
47,-7,5
63,-4,2
64,-8,1
65,-9,1
62,-14,-2
61,-8,8
62,-5,7
59,-8,8
56,8,-9
54,8,-8
63,-8,1
61,-10,7
62,-24,4
58,-11,9
63,-24,3
64,-8,4
55,-26,5
64,-24,4
45,-10,9
46,-11,6
53,-14,14
60,-25,5
62,-4,2
62,-29,5
59,-11,7
52,-15,14
58,-9,7
64,-24,5
61,-5,5
62,-8,5
62,-9,3
62,-9,11
63,-6,1
60,-12,10
62,-25,6
61,-8,6
64,-9,0
61,-24,4
61,-8,1
65,-29,4
62,-11,7
60,-12,8
61,-7,4
59,-8,7
61,-8,4
62,-10,6
64,-7,5
47,-7,4
54,-14,13
61,-24,5
53,-14,13
65,-27,16
60,-8,6
58,-10,6
61,-10,5
63,-7,0
60,-11,6
58,4,-8
63,-24,2
63,-10,4
61,-16,-1
60,-18,-2
64,-10,4
62,-18,-4
62,-10,4
63,-5,1
63,-11,8
60,-8,-1
62,0,-7
63,-11,9
58,3,-8
62,-11,11
60,-8,-2
63,-14,-3
59,-28,6
60,-9,4
58,-7,-2
60,-6,-1
62,-2,-7
62,-3,2
56,-10,9
64,-8,-1
56,9,-9
62,-17,-2
54,4,-9
61,-24,2
53,-14,11
63,-8,-1
59,-6,-1
63,-10,10
59,-26,6
59,-27,6
53,-15,12
60,-13,10
59,-12,7
62,-7,-1
62,-13,9
57,4,-8
59,-25,6
59,-7,9
57,-12,9
63,-9,-1
60,-13,9
57,5,-8
62,-9,-5
53,-13,12
65,-26,6
64,-10,6
59,-8,1
59,-10,4
55,-13,12
63,-25,7
51,-15,14
66,-29,4
59,-13,10
55,-13,13
61,-13,8
53,-15,11
56,-12,11
59,-12,12
53,-13,10
59,-7,8
60,-13,11
63,-11,4
63,-9,-5
51,-16,14
63,-27,16
60,-26,6
64,-9,-3
47,-11,7
59,-9,3
62,-23,4
64,-12,7
55,-12,11
54,6,-8
60,-10,3
64,-11,9
67,-29,3
57,-26,7
65,-29,5
63,-26,17
54,-13,8
55,-12,12
65,-11,4
51,-14,9
64,-10,-3
58,-8,6
59,5,-8
65,-11,3
56,-12,8
67,-28,3
56,-13,11
59,-8,4
58,-9,4
51,-15,8
54,-13,14
59,-8,3
46,-9,2
61,-7,-3
57,-13,11
56,-12,7
61,1,-7
59,-9,1
56,-11,5
59,-7,7
62,-6,-1
56,-10,5
62,-13,7
47,-10,4
59,-13,12
58,-7,9
57,11,-11
65,-24,5
56,-9,7
58,-24,6
55,-13,8
52,-13,12
58,-13,9
65,-27,15
54,-12,7
51,-15,10
64,-10,9
58,-12,6
65,-24,3
65,-25,1
61,-6,-2
59,-13,8
57,-14,14
53,-17,14
55,-14,9
52,-17,14
61,-3,-7
54,-11,11
59,-14,-1
64,-27,7
58,-6,-3
46,-12,8
55,-11,12
60,-6,6
65,-12,7
57,-13,9
61,-9,-3
57,-9,4
60,-23,5
58,-13,13
55,-15,11
66,-28,6
46,-10,3
66,-29,5
59,-6,-4
58,-26,7
55,-10,6
54,-11,6
62,-10,-3
62,-11,13
56,-13,14
64,-23,6
50,-15,7
65,-26,16
60,-5,5
54,-11,7
45,-10,10
51,-18,15
58,-9,1
64,-12,11
60,-23,6
56,-14,10
55,-13,6
56,-9,5
54,-15,8
51,-14,12
60,-2,-7
61,-7,-4
59,-24,7
59,-13,13
63,-8,-5
61,-14,10
53,-11,5
58,-23,4
53,-11,6
64,-11,-3
51,-14,13
58,-14,12
60,-12,13
52,-16,11
55,-9,10
58,-9,-1
62,-14,9
63,-30,5
59,-14,11
56,-9,4
58,-14,11
60,-14,11
64,-9,-6
63,-13,-2
50,-16,14
62,-7,-3
54,-10,5
64,-11,-1
65,-12,4
50,-14,10
56,-14,9
54,-10,4
66,-30,4
63,-12,4
64,-29,6
59,-13,7
58,-24,7
64,-15,-2
62,-14,8
50,-12,8
49,-11,7
65,-13,6
50,-16,8
64,-9,10
62,-17,-1
64,-9,11
51,-12,5
57,-13,7
52,-14,5
62,-12,13
62,-2,2
61,-12,-2
49,-11,6
64,-28,7
52,-11,9
53,-16,9
54,-11,3
49,-9,6
63,-11,-1
55,-9,7
57,-27,8
60,-14,12
52,-12,4
56,-13,6
64,-11,13
54,-30,10
67,-30,4
49,-12,8
59,-27,18
64,-8,-5
53,-10,5
49,-12,6
50,-15,6
59,6,-8
54,-15,7
62,-13,-1
63,-14,-1
48,-11,9
59,-5,-2
49,-9,5
61,-11,2
65,-13,5
64,-23,2
53,-13,4
66,-26,6
61,-29,6
52,-17,13
59,-13,14
58,-7,6
48,-9,3
47,-10,3
56,-15,10
60,-18,-1
58,-14,9
50,-11,5
52,-10,5
60,-10,0
52,-13,4
53,-10,3
66,-27,7
53,-10,10
57,-26,8
67,-27,5
48,-14,8
50,-15,12
64,-14,9
64,-14,-2
48,-15,8
63,-6,-2
60,-3,5
63,-24,8
53,-10,8
51,-11,4
62,-11,-1
51,-10,5
53,6,-7
59,-29,7
47,-3,-8
67,-28,13
64,-30,5
63,-22,6
52,-10,7
63,-17,-1
53,-12,3
59,-14,15
57,-23,5
58,-7,5
52,-29,10
58,4,-7
54,-9,5
51,-10,8
57,-15,11
56,-13,5
54,-9,3
60,-10,-1
58,-7,4
56,-8,5
56,-27,9
62,-13,5
56,-15,9
65,-13,4
59,-28,7
59,-11,2
48,-14,9
60,-5,7
47,-14,7
62,-27,7
64,-13,-5
49,-8,5
57,-7,-3
61,-25,8
62,-12,-1
51,-13,4
55,-16,10
61,-23,2
57,-25,8
63,-28,7
61,-14,7
58,-15,12
49,-9,10
49,-10,10
63,-12,14
49,-13,10
53,-9,4
66,-28,8
62,-12,3
62,-2,-6
65,-15,-4
56,-12,14
64,-4,-1
47,-13,9
66,-16,1
67,-29,8
65,-16,-4
51,-17,12
55,-12,14
58,-5,-2
53,-9,3
63,-7,-6
60,-23,8
63,-7,-5
62,0,-6
54,6,-7
50,-12,4
49,-7,9
51,-12,12
50,-17,10
60,-3,3
66,-16,0
53,-17,11
59,-23,8
54,-17,12
48,-5,5
59,-13,-1
53,-26,7
56,-7,9
59,-22,4
53,-16,7
59,1,-7
52,-9,4
62,-28,14
61,-11,0
63,-4,-1
45,-12,10
49,-9,3
58,-6,2
66,-16,3
61,-5,-7
66,-26,7
47,-15,7
50,-14,14
66,-29,8
64,-29,7
57,-12,3
60,-29,14
56,-16,11
52,-10,2
56,-15,-1
60,-15,11
50,-12,11
52,-9,6
64,-16,0
50,-16,6
49,-7,7
45,-13,9
63,-21,4
49,-3,4
56,4,-7
50,-10,3
55,-14,5
63,-6,-3
56,-7,8
60,-4,0
48,-9,2
65,-16,1
59,-29,16
65,-13,11
56,-13,4
65,-14,-2
63,-6,-7
46,-12,4
54,-17,11
61,-22,7
48,-17,9
55,-27,10
56,7,-7
53,-10,12
53,-9,10
60,-15,12
64,-15,6
64,-21,5
56,-30,10
61,-27,7
58,-30,14
59,-6,-5
47,-16,8
53,-11,13
57,-16,13
50,-11,3
51,-10,11
47,-13,10
51,-9,3
66,-28,9
47,-3,-7
65,-15,7
66,-15,-4
51,2,-9
65,-25,16
66,-14,1
60,-11,0
64,-14,4
57,-6,-3
64,-23,1
67,-27,13
66,-14,0
58,-14,7
59,-22,7
61,-4,-1
63,-13,14
46,-9,1
49,3,-4
54,-8,4
62,-13,4
46,-14,9
51,3,-8
62,-24,9
54,-17,10
65,-13,-2
60,5,-7
60,-14,0
54,-12,-3
54,-11,1
57,-26,19
62,-17,0
65,-17,-2
52,-28,10
62,-14,13
57,-30,10
59,-19,-1
53,-9,1
52,-17,8
64,-14,11
58,7,-7
53,-14,-2
49,-11,3
62,-14,16
50,-17,7
50,-14,4
46,-15,8
59,-26,8
54,-16,7
61,-13,0
48,-10,11
53,-28,11
66,-26,14
51,-32,21
50,-10,11
65,-21,3
64,-21,2
63,-15,6
49,-12,11
66,-30,7
45,-12,11
62,-6,-6
50,-12,3
63,-6,-4
47,-6,1
48,-16,6
63,-13,3
65,-17,17
58,-6,6
64,-6,-4
51,-9,2
63,-3,-1
56,-15,7
53,-8,3
49,-4,6
54,-10,0
64,-13,0
55,-9,-1
57,-22,5
61,-19,-1
66,-13,-1
56,-7,5
51,-8,5
48,-16,14
53,2,-9
63,-15,10
67,-26,6
65,-18,2
63,-18,0
60,-23,9
51,5,-6
59,-5,6
54,-18,13
50,-18,10
53,-16,6
49,-4,7
65,-13,1
64,-6,-6
58,-30,16
57,-27,19
65,-22,6
49,-10,2
55,-8,-1
44,-11,10
53,-18,12
47,-14,11
61,-13,4
59,-4,2
66,-25,7
49,-6,6
65,-20,4
67,-31,5
49,-33,19
53,-8,6
61,-4,-6
60,-12,0
49,-7,3
59,7,-7
63,-6,-5
67,-17,-5
53,-17,8
60,-29,13
58,-25,9
62,-4,-2
55,-30,15
61,2,-6
66,-28,11
63,-19,-3
49,-18,11
51,-8,3
64,-16,2
58,-30,12
54,6,-6
57,-31,16
49,-2,1
56,-17,12
58,-24,18
59,-25,9
49,-6,5
56,-30,14
46,-13,12
60,-12,1
62,-21,6
50,-9,11
64,-17,2
54,-15,-1
51,-9,11
64,-21,6
53,-12,1
64,-18,2
48,-17,12
53,-29,17
48,-15,5
64,-16,6
53,-18,11
62,-23,9
61,-18,0
48,-13,4
49,-14,4
66,-18,4
59,-4,0
61,-5,-6
55,-7,2
55,-30,17
52,-18,10
66,-27,12
58,-5,2
62,-22,8
61,-24,17
56,-22,3
54,-11,0
57,-30,11
55,-28,20
45,-13,12
65,-15,9
55,-7,3
57,-6,8
53,-11,0
56,-16,8
54,-29,20
60,-5,-6
53,-8,9
64,-5,-5
59,-28,14
62,-27,13
59,-14,6
54,-9,-1
62,-22,1
56,-6,0
56,4,-6
63,-21,1
55,-12,1
49,1,-9
56,-30,17
63,-19,0
66,-17,-3
57,-6,7
59,-12,1
55,-9,-2
53,-26,9
46,-15,6
52,-12,1
51,-16,5
55,-18,13
63,-4,-3
63,-4,-5
63,-15,11
50,3,-5
47,-15,14
51,-31,20
67,-26,7
62,-3,-5
56,-29,14
60,-21,6
46,-14,5
63,-14,1
64,-14,15
45,-15,7
58,-29,13
67,-31,6
55,-23,3
62,-29,7
45,-14,10
63,-25,15
55,-7,-1
53,-8,10
63,-3,-4
51,-19,14
49,-33,18
51,-30,17
65,-18,-2
57,-27,17
60,-24,17
54,-11,-3
58,-12,1
60,2,-6
62,-5,-5
65,-20,5
51,4,-6
56,-30,12
59,-21,6
52,3,-7
55,-8,-2
56,-28,20
63,-19,2
60,-21,3
56,-15,6
50,-8,11
57,-29,13
60,-15,7
63,-16,7
50,-31,19
48,-2,-7
47,-14,13
50,1,-8
50,-19,14
54,-8,-1
57,-17,13
64,-19,-1
49,-8,1
59,-18,0
55,-30,13
59,-16,9
61,-29,7
63,-23,9
57,3,-6
48,-14,14
53,-31,16
60,-16,16
63,-22,8
67,-17,-4
61,-27,8
60,-16,9
60,7,-7
54,-29,13
49,-32,19
55,-13,-1
53,-10,-1
66,-20,3
63,-26,11
52,-26,6
54,-7,5
53,-30,11
46,-15,12
60,-21,7
56,-18,14
54,-28,16
63,-26,12
62,-20,2
64,-16,8
50,2,-3
53,-29,14
65,-18,5
60,-4,-3
58,6,-5
58,-28,14
45,-14,12
54,-7,0
57,-21,3
62,-4,-4
49,-13,3
59,-4,6
63,-19,3
57,-21,2
58,-30,17
49,-1,-9
66,-23,6
65,-19,18
48,-14,4
65,-19,0
56,3,-6
59,-4,-3
58,-13,0
56,-28,15
45,-14,5
52,-31,15
59,-24,10
59,7,-5
58,-29,10
50,-19,12
53,-11,-1
64,-16,16
54,-11,-2
49,-10,1
53,-28,12
48,-19,10
64,-29,9
60,-26,9
55,-12,0
63,-28,12
63,-21,7
62,-20,4
50,-19,10
45,-13,4
50,-31,16
57,-21,4
66,-24,7
55,-19,15
61,-3,-1
51,-19,11
55,-13,1
53,-31,18
67,-25,6
48,-18,7
48,-12,12
63,-21,0
63,-16,5
63,-29,8
51,-9,0
65,-25,14
56,-12,0
58,-27,15
51,0,-9
46,-17,11
63,-22,0
50,-4,4
63,-25,14
47,-6,0
48,-5,1
50,-6,7
51,-7,8
50,1,0
62,-15,5
58,-29,11
49,-2,-10
56,-18,13
58,2,-6
65,-21,1
47,-11,12
58,-22,9
52,-14,2
49,-32,17
52,-7,6
53,-28,15
48,-16,5
67,-24,2
49,-31,18
56,-13,1
50,-32,16
54,-31,18
57,-13,0
50,-4,3
58,-5,6
57,-22,8
53,-19,12
53,4,-6
62,-20,5
54,-10,-3
55,-13,0
51,-19,10
45,-15,12
63,-16,16
66,-18,-2
57,1,-7
59,-25,10
57,-21,5
58,-21,7
66,-31,7
59,-3,5
49,-31,17
58,-4,-3
52,1,-8
57,8,-5
52,-31,14
60,-1,5
47,-19,10
64,-16,9
56,-28,12
63,-16,4
55,-18,10
56,-21,1
66,-22,2
66,-26,11
51,-2,3
58,-28,13
45,-15,6
57,2,-6
62,-27,10
61,-20,2
52,-15,3
46,-17,7
57,-29,19
48,-33,18
47,-10,1
50,1,-2
49,-1,-7
56,-15,5
55,-32,17
45,-16,11
54,-8,-2
50,1,-4
48,-8,0
64,-20,-1
50,-5,3
52,-28,18
64,-22,8
49,-3,-9
52,-30,13
47,-19,11
62,-21,-1
50,0,-7
55,-22,3
62,-2,-3
65,-31,6
53,-25,5
51,2,-4
50,-3,1
51,1,-6
46,-18,8
54,-16,5
54,6,-4
61,-16,14
61,-26,12
64,-17,16
54,3,-6
47,-18,14
60,-20,1
52,2,-6
53,2,-7
58,6,-4
63,-19,5
56,8,-4
51,3,-3
61,-3,-3
65,-18,6
57,8,-4
55,-6,6
65,-20,6
62,-24,11
62,-23,17
53,-7,9
58,-4,1
61,-23,17
51,-1,-9
57,-16,7
54,-6,3
64,-15,12
52,-12,-1
49,-5,1
44,-15,9
44,-15,7
58,-15,6
56,2,-6
55,-8,-3
52,-6,3
61,-20,5
57,-5,3
66,-18,6
61,-2,0
49,-9,0
52,-29,13
51,-32,15
51,-6,6
63,-23,17
54,-25,9
52,1,-7
51,4,-1
60,-17,11
66,-17,7
60,-20,3
60,-27,9
54,-26,11
52,-28,15
49,-31,16
65,-25,12
64,-23,-1
65,-20,18
67,-24,1
49,-32,16
51,-4,3
60,-21,9
51,3,-1
51,-1,1
57,-14,1
62,-18,2
51,-2,1
45,-16,13
52,4,-5
52,-6,1
49,-2,-7
54,-23,3
67,-32,9
61,-25,12
58,-20,2
58,7,-3
48,-9,0
66,-24,8
52,-13,-1
67,-19,-5
58,-4,-4
49,-20,12
46,-19,10
57,-5,4
45,-17,8
57,-18,12
60,-17,9
64,-20,-3
61,-25,13
49,-20,10
50,-20,11
60,-16,1
50,-20,12
57,-18,11
52,-33,18
60,-20,5
64,-15,13
59,-14,4
57,7,-3
52,-26,8
61,-21,9
63,-16,15
59,-16,7
57,-5,5
58,-22,10
53,-8,-2
62,-19,4
50,-19,8
53,2,-6
53,-32,20
65,-22,0
54,-32,15
66,-19,-1
66,-21,6
53,-15,0
62,-1,0
67,-22,3
51,1,-1
60,1,-5
55,-27,13
52,-6,6
60,-17,1
56,-24,10
48,-3,-6
54,6,-3
54,-15,2
62,-15,3
63,-16,12
59,-18,16
59,-24,11
61,-20,7
63,-17,8
53,-32,15
58,-14,3
54,3,-5
46,-18,13
64,-22,-1
51,-8,-1
59,-25,11
55,-5,1
46,-9,0
56,-18,9
67,-21,3
51,-17,5
50,-20,10
51,-20,13
58,-2,-6
58,-14,2
57,-19,15
59,-27,12
66,-23,17
51,-20,11
56,4,-4
62,-19,17
51,-31,13
54,5,-4
56,-21,5
49,-16,4
61,-2,-1
62,-22,10
55,-31,20
50,-20,15
49,-5,0
62,-19,5
67,-25,8
55,-32,19
65,-21,18
48,-20,9
55,-26,18
59,-20,7
63,-24,14
61,-17,15
62,-21,9
50,-4,0
49,-18,6
60,-25,12
58,-18,13
55,-16,0
63,-31,7
58,-27,12
52,-28,13
60,2,-5
53,1,-7
49,-20,15
52,-33,17
56,2,-5
60,7,-2
53,2,-5
52,-4,3
48,-31,18
59,-23,11
54,-31,12
66,-19,-3
51,-29,14
63,-24,13
44,-16,8
50,-3,-10
59,5,-4
65,-22,8
58,-4,6
52,-4,4
58,-5,-5
61,-1,1
56,-4,-1
46,-18,14
51,-15,2
53,-27,14
61,-24,15
62,-22,17
59,-21,17
59,-26,12
59,-22,17
52,0,-7
49,-12,1
53,-27,18
59,7,0
65,-20,-3
52,2,-2
62,-24,13
58,-18,9
62,0,-3
64,-21,8
62,-17,13
60,-29,10
66,-32,8
52,-20,11
57,-24,17
47,-20,13
55,-18,8
66,-17,8
48,-31,17
54,-32,20
53,-23,2
66,-24,9
61,-20,17
53,-20,13
67,-22,2
56,-20,1
61,-18,2
48,-17,5
65,-24,11
64,-23,16
53,-25,8
66,-18,7
53,2,-4
59,-18,14
54,-25,10
48,-4,-1
55,-5,4
53,-20,12
62,-18,4
67,-19,-4
58,-25,15
52,3,-2
42,-26,14
63,-17,10
55,-5,6
49,-19,7
59,-19,16
46,-20,12
67,-25,9
55,-5,7
56,-26,12
45,-17,7
54,-9,-4
65,-21,-4
56,-19,10
64,-19,16
66,-20,-4
55,-16,4
54,-5,-2
54,1,-7
65,-23,16
60,-18,12
67,-24,7
53,-6,9
55,-23,8
58,-4,7
54,-23,5
52,-1,1
49,-7,-1
54,2,-4
63,-21,9
66,-21,0
54,-20,13
66,-20,-1
52,-4,6
52,-26,9
60,-18,13
65,-16,11
62,-18,6
54,-4,0
44,-17,13
41,-28,16
59,-25,13
48,-13,2
66,-22,-4
47,-20,14
57,-15,2
67,-33,9
61,-18,11
52,-1,-1
52,0,-2
50,-15,2
62,-18,7
53,-20,11
55,-4,0
64,-17,14
52,-1,2
65,-21,-2
55,1,-6
51,-3,-10
61,-15,3
65,-17,9
51,-15,-1
52,-3,-10
51,3,1
43,-13,11
52,-1,5
58,-3,-5
51,-14,-1
58,-19,9
54,-7,-3
47,-21,13
64,-21,17
62,-22,11
60,-19,8
49,-11,0
47,-18,6
57,-16,1
52,0,-3
52,-2,7
63,-18,8
54,-18,7
66,-20,-3
55,1,-5
61,-1,-2
64,-17,10
56,-26,13
53,4,-3
54,-2,-9
57,-4,3
62,-18,13
65,-32,7
58,-20,10
67,-33,7
47,-21,10
56,-20,4
60,-19,10
54,-4,-2
57,-3,-3
52,2,0
63,-23,15
52,-18,6
67,-23,-3
56,-20,14
53,0,-2
62,-19,8
61,0,-3
60,4,-4
54,-4,2
43,-25,15
59,-15,2
60,-19,5
57,-4,5
53,0,-7
57,0,-5
55,3,-3
55,5,-2
61,-1,-1
55,-16,1
51,-7,-2
52,-25,5
65,-21,17
62,0,0
53,-4,6
59,-15,4
65,-18,8
67,-20,0
48,-30,18
58,-2,-4
53,1,-1
50,-13,0
47,-20,8
45,-20,12
66,-17,9
67,-34,11
60,-23,12
53,-1,-1
63,-19,8
57,-19,8
57,-19,2
57,4,-3
58,-3,3
55,-26,14
59,-19,5
56,-20,12
51,-17,4
58,-3,6
55,0,-8
56,-20,11
47,-22,12
64,-23,14
41,-26,15
66,-24,11
63,-18,9
57,2,-4
52,-1,-7
52,3,0
53,-3,4
53,-16,1
57,-22,11
53,-20,10
62,-22,16
56,3,-3
56,-4,2
52,1,1
64,-32,6
53,-4,7
53,-7,-3
60,-15,3
55,-16,2
54,1,-2
60,-16,2
54,2,-2
58,-19,5
50,-17,4
62,-20,10
40,-27,15
51,-1,-3
52,-22,1
63,-21,16
66,-33,8
60,6,0
53,-3,6
61,-20,11
42,-25,14
56,-25,16
64,-19,8
67,-23,-2
45,-22,13
55,1,-3
41,-27,14
52,0,5
54,-4,7
56,-16,3
61,-22,12
59,5,2
56,-4,7
51,-1,-5
56,-4,3
50,-3,-2
55,-4,7
52,-4,8
64,-18,13
64,-18,9
56,-25,12
57,-25,14
54,-20,10
54,-1,-2
58,-24,15
57,-3,-4
57,-25,13
60,-18,6
67,-21,-3
60,-22,12
50,-21,10
55,-4,4
59,3,-4
51,-16,2
52,-27,13
67,-19,7
55,-20,3
66,-34,10
45,-21,13
54,-3,1
59,-16,2
47,-22,11
57,-16,2
61,0,-2
53,-22,3
59,-22,12
58,-2,-3
55,-21,6
61,-20,15
60,-1,1
61,-21,12
58,-18,6
63,-21,11
53,1,0
51,-28,14
48,-21,9
62,-20,12
48,-5,-2
44,-18,14
60,-20,15
67,-22,-2
65,-21,16
55,-18,6
45,-26,16
52,-24,3
60,5,2
52,-31,11
65,-18,9
63,-22,13
57,-2,-3
54,-17,0
59,-20,13
60,-23,15
57,3,-3
58,-24,13
45,-14,4
49,-29,16
50,-21,14
65,-18,13
64,-21,15
53,2,0
56,-23,11
54,-3,2
64,-33,7
59,-20,14
67,-21,-1
46,-23,15
51,-26,7
52,-25,7
53,-1,-4
66,-34,9
64,-35,10
60,-17,5
44,-22,12
40,-27,17
53,-1,6
49,-14,1
42,-16,11
63,-20,12
54,-3,6
55,-1,-2
52,-18,-1
57,-21,15
52,-5,-3
59,5,1
51,-3,-8
67,-22,7
62,-21,14
60,-16,3
47,-23,14
51,-16,0
61,-21,13
54,4,-1
60,-1,0
52,-21,12
59,-2,0
52,-3,-3
53,-20,9
53,-18,5
46,-20,15
43,-19,13
44,-20,10
67,-20,7
59,-18,4
66,-18,9
51,-16,1
57,5,0
64,-21,11
45,-12,2
50,-2,-4
54,-20,9
54,-17,3
51,-20,8
65,-18,12
65,-18,10
58,-21,13
54,-18,5
61,-21,14
55,-7,-4
56,-2,-4
61,1,2
48,-4,-4
63,-35,8
52,4,1
65,-19,13
55,-20,8
53,-1,-5
61,-22,14
52,-21,13
44,-24,12
53,-22,4
42,-17,10
56,-24,16
51,-23,1
58,-21,14
49,-22,13
58,3,4
56,4,4
55,-21,11
44,-19,14
48,-20,7
60,-21,14
60,0,-2
65,-19,9
59,-22,13
51,-8,-3
59,-17,4
53,-1,4
53,-1,-6
55,-17,2
40,-26,14
56,-3,6
58,0,-3
47,-22,10
58,4,-2
50,-21,9
53,-26,14
45,-26,15
47,-23,12
55,-3,5
52,-25,8
55,-19,4
67,-35,9
46,-24,13
56,-1,-2
55,5,3
53,-21,11
53,-24,8
66,-18,10
47,-20,7
58,-23,14
55,-1,-5
55,-21,13
51,-25,4
55,2,-1
56,-2,-1
57,4,-1
57,3,-2
53,-2,-8
45,-11,1
50,-15,-1
60,0,1
51,-19,-1
65,-19,10
51,-4,-9
46,-25,15
53,2,1
56,-3,2
47,-5,-4
61,1,0
53,0,2
45,-23,11
55,-25,15
66,-19,9
43,-22,13
57,4,2
39,-28,17
51,-27,16
51,-28,13
55,5,1
44,-23,11
60,3,3
65,-36,11
54,-2,3
60,1,-2
65,-20,11
59,0,3
56,-22,12
53,-22,5
56,3,-1
43,-23,14
41,-16,12
50,-4,-7
58,-2,2
44,-20,9
51,-27,17
51,-3,-4
54,-25,12
50,-11,-2
44,-21,14
41,-18,14
57,4,0
49,-22,10
52,-3,-4
41,-16,11
66,-35,8
56,-23,12
57,-2,5
42,-19,14
66,-35,7
48,-10,-1
59,4,-1
39,-28,15
54,-21,9
43,-18,15
53,-21,15
55,-22,11
55,-4,-4
54,-21,7
41,-25,12
66,-21,13
60,4,0
59,3,2
57,1,-2
56,4,2
59,1,3
55,-23,11
53,-6,-4
53,-23,7
47,-18,5
56,2,-1
56,-2,-5
54,5,2
52,-5,-4
51,-5,-4
55,-1,0
66,-20,10
48,-5,-5
63,-36,8
63,-36,9
53,-5,-4
51,-3,-5
54,-5,-4
54,-22,9
51,-29,11
54,4,1
46,-21,8
64,-36,10
59,0,2
55,-1,-7
44,-22,10
59,2,-2
43,-27,14
61,3,1
56,1,-1
53,-19,4
60,3,-1
61,3,0
56,3,0
46,-22,16
55,-24,16
52,-18,0
59,0,-1
55,4,3
65,-36,10
59,3,-1
53,-2,-7
53,2,2
42,-20,14
50,-17,2
51,-22,11
59,1,2
52,-21,3
59,3,0
42,-22,13
43,-19,15
56,-2,1
40,-26,12
54,4,4
51,-21,1
46,-22,9
52,-20,1
46,-19,6
44,-16,6
56,-23,14
49,-5,-6
44,-18,7
56,0,5
41,-24,13
66,-36,8
52,-19,0
57,1,4
51,-4,-5
51,-20,6
54,0,2
51,-9,-4
56,-2,3
57,2,3
55,3,4
49,-22,9
56,-2,2
49,-12,-1
44,-24,11
50,-22,14
42,-23,11
52,-21,8
52,-18,1
45,-16,5
40,-25,13
65,-36,6
58,-1,1
42,-22,11
55,3,2
53,4,3
55,-22,13
58,2,0
49,-6,-4
53,-22,9
51,-22,13
49,-23,13
51,-22,3
50,-22,9
48,-21,7
53,-3,-5
52,-22,10
57,-1,0
51,-18,2
51,-19,0
41,-21,13
51,-21,2
44,-20,8
55,2,4
49,-8,-3
52,-22,12
58,0,0
40,-19,13
43,-20,15
52,-19,2
54,-23,17
50,-19,4
53,-25,12
48,-30,15
54,2,4
57,0,3
50,-24,2
42,-27,13
45,-20,7
46,-11,0
57,-1,1
51,-22,4
48,-29,16
48,-11,-1
57,1,2
52,-22,8
55,0,3
52,-23,8
51,-21,3
48,-23,10
55,1,3
53,-7,-5
51,-20,4
52,-26,17
48,-22,8
51,-21,4
51,-22,5
48,-15,1
50,-28,14
55,-3,-5
47,-22,8
56,0,2
55,-23,14
51,-19,1
51,-22,14
50,-23,11
54,-22,14
65,-37,6
50,-27,17
47,-25,16
54,-7,-5
38,-30,18
44,-19,7
40,-18,11
37,-28,14
39,-29,15
50,-18,1
56,-2,-7
47,-15,2
45,-12,1
52,-4,-6
47,-9,-2
49,-14,-1
46,-15,3
65,-38,10
50,-21,5
30,-27,15
53,-25,14
50,-13,-3
48,-21,6
49,-17,1
49,-23,15
50,-23,13
46,-10,-1
41,-25,16
49,-23,9
50,-24,6
40,-25,15
39,-26,16
50,-21,2
47,-23,9
50,-23,5
50,-22,4
50,-23,8
38,-27,12
50,-20,3
45,-11,0
49,-26,5
49,-17,0
40,-28,13
49,-21,5
43,-20,16
50,-20,2
54,-5,-5
49,-29,14
48,-24,16
45,-17,5
41,-24,15
37,-31,18
48,-12,-1
55,-6,-5
44,-21,16
49,-20,0
38,-27,17
36,-31,18
54,-23,14
37,-30,19
52,-25,12
38,-30,16
49,-28,15
45,-32,17
42,-21,16
52,-23,12
55,-5,-5
53,-24,12
50,-24,10
40,-22,12
49,-10,-3
39,-26,17
48,-7,-5
46,-21,6
48,-9,-3
46,-17,4
51,-24,11
45,-27,15
49,-24,11
49,-24,10
49,-24,7
45,-20,6
49,-22,4
49,-22,1
34,-30,15
36,-30,18
49,-24,14
40,-18,10
41,-21,10
35,-32,17
49,-19,1
48,-23,7
49,-20,1
40,-20,11
41,-25,17
50,-23,15
33,-30,14
48,-19,3
46,-29,17
52,-23,13
42,-22,9
48,-21,4
52,-24,12
49,-8,-5
34,-30,13
47,-33,14
50,-27,9
48,-31,13
34,-32,15
31,-28,14
35,-30,13
46,-33,15
42,-19,8
45,-25,11
44,-26,12
40,-21,11
53,-6,-6
43,-25,10
41,-24,16
35,-29,16
43,-19,7
52,-5,-8
36,-32,17
50,-24,13
37,-31,16
34,-30,11
43,-24,9
48,-21,3
51,-25,12
46,-22,6
43,-22,8
44,-19,6
47,-12,-1
38,-28,11
44,-23,8
35,-30,18
39,-17,10
51,-23,15
36,-27,14
50,-25,11
48,-27,17
43,-23,17
48,-25,7
47,-26,15
40,-19,10
35,-28,15
51,-24,13
30,-27,16
48,-9,-4
38,-29,12
39,-25,16
45,-19,5
50,-26,17
39,-27,10
36,-31,14
51,-25,13
53,-4,-8
41,-20,9
37,-27,17
50,-24,15
48,-20,1
49,-29,13
48,-18,1
47,-19,3
40,-23,16
30,-24,14
47,-31,14
45,-23,7
39,-22,14
48,-19,1
50,-27,10
47,-27,16
54,-6,-6
47,-11,-2
54,-5,-6
41,-21,9
48,-25,12
50,-29,11
46,-25,10
43,-28,14
47,-17,2
34,-28,14
50,-26,14
46,-21,4
39,-22,15
50,-25,13
40,-18,9
34,-28,12
47,-23,4
37,-30,12
43,-12,2
38,-25,12
46,-31,15
38,-30,13
40,-29,13
46,-27,15
48,-11,-3
42,-23,8
56,-3,-7
50,-27,12
35,-31,10
50,-27,11
47,-21,2
38,-29,11
43,-24,8
36,-29,19
44,-25,9
33,-29,16
47,-25,4
46,-17,3
47,-22,2
47,-26,6
49,-27,9
45,-11,-2
33,-28,14
44,-22,6
35,-27,13
47,-27,5
34,-29,17
36,-28,10
44,-15,4
49,-28,8
39,-23,11
48,-27,15
44,-18,5
47,-22,1
30,-24,15
46,-24,5
43,-23,7
46,-20,3
42,-26,9
48,-26,10
46,-25,6
38,-25,11
43,-32,16
49,-28,13
30,-23,15
39,-31,15
36,-27,17
44,-23,6
31,-27,15
39,-29,11
45,-33,14
46,-25,5
37,-31,12
44,-19,5
45,-28,15
45,-14,1
41,-31,16
38,-29,10
46,-15,1
31,-26,14
46,-27,4
46,-26,6
41,-28,11
44,-20,5
47,-28,15
36,-26,15
42,-27,10
37,-26,18
47,-17,1
48,-26,13
45,-24,5
45,-11,-5
46,-23,2
36,-33,13
48,-28,14
38,-30,11
43,-21,6
38,-21,13
35,-29,19
46,-24,2
49,-13,-5
44,-25,7
38,-17,10
40,-24,8
37,-33,15
39,-27,8
40,-27,8
33,-27,13
46,-27,6
39,-19,10
40,-32,16
47,-18,1
45,-21,3
43,-25,7
37,-25,16
46,-23,1
36,-27,10
46,-27,7
43,-26,8
31,-26,15
37,-25,17
38,-32,14
41,-18,7
44,-25,6
49,-28,10
44,-29,15
44,-33,14
45,-26,3
49,-29,11
39,-24,9
37,-31,10
45,-25,3
37,-25,18
44,-27,11
38,-21,12
38,-33,15
47,-12,-5
39,-28,8
45,-25,2
39,-18,9
47,-12,-4
45,-30,15
43,-25,6
39,-30,11
34,-27,16
48,-27,11
46,-13,-2
35,-26,15
44,-17,4
42,-33,15
48,-28,13
39,-26,7
44,-15,3
42,-23,6
44,-13,-1
37,-24,17
46,-22,0
44,-25,4
33,-28,17
48,-13,-5
44,-23,3
38,-33,14
45,-28,14
40,-32,15
41,-20,7
41,-25,6
44,-27,7
32,-23,8
43,-25,5
32,-24,11
32,-27,16
41,-21,7
42,-20,6
45,-19,3
36,-25,15
48,-29,12
32,-26,15
53,-5,-9
38,-17,9
38,-23,11
34,-26,13
39,-23,9
44,-14,1
32,-23,9
46,-13,-6
41,-30,5
45,-29,5
43,-27,6
36,-25,13
45,-13,-6
43,-24,4
44,-25,2
43,-28,4
40,-33,15
43,-25,4
44,-13,-2
42,-24,5
45,-15,1
32,-23,13
43,-28,5
33,-29,19
40,-30,11
37,-26,9
40,-29,7
41,-28,5
44,-28,7
40,-29,6
42,-28,5
43,-28,7
32,-22,10
33,-28,18
41,-30,6
39,-22,9
40,-28,5
46,-28,9
45,-13,-5
43,-22,4
44,-13,-4
32,-23,14
43,-24,3
46,-13,-5
45,-33,12
36,-24,17
44,-29,6
44,-15,-6
35,-25,15
42,-30,6
43,-13,-3
34,-26,17
44,-28,9
32,-24,15
36,-24,16
40,-30,9
39,-32,12
34,-26,10
46,-28,10
38,-25,8
41,-17,6
43,-32,14
42,-31,6
45,-29,7
33,-21,14
41,-24,5
32,-26,17
43,-30,6
43,-15,-5
33,-24,9
46,-30,13
34,-25,16
33,-25,16
37,-24,11
39,-18,8
35,-26,10
47,-29,9
42,-13,-3
34,-26,18
43,-30,14
39,-26,5
31,-24,17
34,-26,9
32,-25,17
41,-19,6
40,-32,13
41,-26,3
42,-32,14
33,-28,19
35,-24,16
33,-21,11
37,-22,12
43,-33,13
41,-20,6
38,-22,10
36,-23,15
33,-24,16
33,-24,7
32,-24,17
39,-32,10
35,-23,17
33,-26,18
45,-14,-5
34,-24,16
44,-22,1
35,-24,14
34,-25,10
44,-30,7
44,-15,-5
43,-29,11
45,-29,9
33,-23,7
35,-22,16
42,-30,9
34,-23,17
40,-26,3
54,-5,-8
47,-14,-5
39,-26,4
43,-31,7
46,-16,0
32,-25,18
34,-23,15
33,-22,7
41,-31,12
38,-17,8
38,-24,8
39,-21,8
45,-14,-3
43,-15,-4
35,-21,14
45,-16,1
42,-23,3
44,-29,11
45,-29,12
42,-33,13
34,-22,11
43,-14,-3
34,-23,10
41,-32,8
36,-20,13
35,-21,13
46,-30,8
36,-26,8
43,-21,3
40,-33,12
37,-25,8
34,-22,10
40,-17,6
38,-22,9
43,-33,12
42,-25,1
36,-25,9
41,-32,12
37,-24,9
41,-23,4
41,-19,-4
38,-24,7
44,-31,8
38,-23,8
41,-18,5
37,-20,11
42,-34,12
42,-31,11
40,-19,6
38,-20,9
46,-21,-1
36,-20,12
37,-19,11
43,-32,12
37,-22,10
37,-25,7
38,-25,5
44,-15,0
41,-24,2
36,-19,12
34,-21,6
45,-17,1
46,-18,0
33,-24,6
41,-19,-3
42,-18,-3
35,-23,9
41,-33,11
34,-20,9
36,-18,11
44,-18,2
45,-18,1
46,-16,-6
37,-25,6
47,-15,-3
35,-19,6
35,-21,10
43,-33,10
34,-19,9
39,-17,6
37,-24,7
34,-21,5
40,-23,4
38,-20,8
42,-16,3
41,-19,-2
40,-24,2
46,-15,-3
39,-24,3
42,-17,3
35,-20,10
35,-20,6
37,-24,6
43,-15,-2
43,-20,2
42,-16,-2
42,-18,-2
41,-24,1
35,-25,6
35,-21,6
36,-23,7
35,-18,9
35,-22,6
44,-17,1
48,-15,-4
36,-25,4
37,-24,2
42,-19,3
43,-16,1
44,-17,-4
39,-23,4
36,-24,5
47,-15,-5
36,-24,3
38,-17,6
43,-16,-2
38,-22,0
42,-20,-2
36,-18,9
37,-23,2
40,-20,-1
41,-17,-1
42,-14,-1
37,-22,6
37,-19,8
39,-20,-1
38,-23,2
36,-20,7
39,-24,1
42,-13,2
42,-15,1
38,-23,3
43,-18,-2
41,-18,3
38,-22,5
41,-21,-1
38,-21,0
44,-16,-1
42,-14,3
39,-22,0
35,-22,4
41,-21,-2
41,-21,0
43,-20,-1
36,-18,5
42,-19,0
39,-21,0
43,-21,-1
39,-22,1
39,-16,4
41,-19,0
37,-22,4
45,-16,-2
42,-16,0
37,-19,6
36,-19,5
39,-22,2
35,-21,2
38,-22,3
40,-19,0
35,-21,3
41,-20,1
38,-19,5
40,-18,0
40,-18,3
44,-18,-1
41,-16,1
40,-21,2
37,-18,5
48,-15,-5
39,-21,3
40,-16,2
37,-21,3
41,-14,-2
36,-18,4
37,-20,4
46,-16,-3
38,-19,4
42,-22,-2
38,-20,1
37,-19,4
41,-14,3
44,-19,-4
40,-23,-1
36,-20,2
39,-18,1
48,-16,-3
37,-19,0
38,-18,0
46,-18,-2
37,-18,3
37,-19,1
39,-16,0
38,-17,0
37,-18,1
41,-13,0
45,-20,-3
45,-19,-4
