-40,-17,4
-48,6,-7
-57,-8,-9
-47,4,-6
-48,5,-7
-58,-8,-9
-51,-4,-15
-56,-6,-8
-52,-3,-15
-52,-5,-13
-49,-4,-14
-50,-4,-14
-57,-6,-8
-53,-3,-14
-56,-5,-9
-50,-5,-13
-50,-3,-14
-48,5,-9
-58,-7,-8
-57,-8,-7
-49,-4,-13
-49,-2,-14
-48,4,-8
-59,-7,-9
-57,-32,3
-59,-6,-11
-48,-2,-13
-57,-7,-6
-52,-5,-11
-57,-32,2
-56,-5,-7
-59,-37,14
-47,-1,-13
-49,5,-5
-49,-2,-13
-57,-30,3
-58,-33,12
-46,-1,-12
-49,-4,-12
-59,-33,11
-51,8,-9
-60,-7,-11
-45,-6,0
-59,-32,10
-58,-32,11
-61,-31,7
-60,-31,4
-61,-31,6
-58,-34,12
-60,-32,13
-56,-7,-5
-59,-34,11
-59,-32,3
-61,-31,5
-49,-3,-12
-57,-8,-6
-60,-30,5
-57,-5,-6
-59,-33,9
-50,-3,-12
-58,-7,-6
-61,-31,10
-61,-33,8
-59,-37,13
-53,-3,-11
-57,-31,1
-61,-30,4
-62,-31,8
-61,-34,11
-50,5,-7
-47,-38,14
-60,-35,11
-49,4,-8
-51,-1,-12
-60,-31,2
-60,-35,14
-62,-32,10
-46,-1,-11
-58,-6,-5
-60,-30,7
-58,-36,12
-60,-29,3
-49,-2,-12
-57,-30,1
-61,-29,4
-63,-32,7
-63,-32,8
-59,-7,-7
-62,-33,7
-62,-32,11
-63,-17,-3
-62,-33,11
-59,-35,10
-59,-29,2
-59,-33,6
-47,1,-3
-62,-34,11
-62,-30,3
-61,-34,13
-51,7,-5
-59,-36,11
-63,-31,8
-62,-32,4
-63,-32,5
-64,-18,-4
-63,-30,4
-61,-33,6
-59,-8,-7
-48,-1,-12
-50,-1,-12
-46,-38,14
-62,-29,6
-60,-23,4
-63,-33,7
-61,-36,12
-62,-35,10
-62,-33,6
-61,-27,4
-61,-28,3
-63,-30,3
-62,-25,5
-60,-29,10
-52,-2,-11
-60,-33,5
-46,-5,2
-58,-31,9
-63,-20,-5
-52,8,-6
-56,-4,-7
-58,-30,10
-60,-33,3
-49,4,-4
-62,-28,3
-63,-34,8
-59,-30,7
-62,-17,-2
-55,-20,-4
-61,-29,2
-46,-1,-10
-56,-7,-4
-60,-25,3
-61,-27,5
-59,-29,10
-64,-30,3
-62,-29,7
-56,-5,-3
-61,-35,15
-62,-23,3
-62,-33,13
-61,-36,10
-59,-5,-10
-60,-27,4
-60,-34,7
-63,-30,8
-57,-7,-4
-59,-21,8
-52,-1,-11
-58,-5,-4
-59,-22,8
-61,-33,3
-64,-29,4
-64,-29,3
-67,-29,0
-62,-34,13
-59,-22,5
-66,-31,2
-54,-19,11
-55,-4,-3
-52,7,-7
-48,4,-2
-61,-23,2
-62,-24,2
-56,-20,-4
-63,-29,2
-61,-26,2
-65,-30,1
-62,-33,4
-58,-21,8
-62,-15,-6
-44,-10,0
-60,-7,-5
-51,5,-7
-65,-32,3
-47,0,-4
-62,-14,-4
-60,-24,6
-56,-6,-3
-62,-26,2
-60,-35,8
-62,-27,6
-63,-33,4
-53,-20,11
-49,-2,-11
-50,5,-4
-64,-30,1
-64,-21,-5
-62,-18,-2
-63,-28,2
-63,-36,10
-61,-21,6
-65,-36,9
-64,-27,5
-61,-13,-5
-53,-4,-9
-66,-30,3
-61,-21,4
-62,-30,1
-65,-28,3
-63,-35,8
-63,-27,6
-66,-28,2
-63,-16,-6
-59,-22,4
-63,-26,2
-64,-33,5
-56,-17,11
-65,-32,5
-61,-24,7
-59,-20,6
-65,-22,-2
-60,-23,9
-65,-28,4
-66,-29,0
-59,-34,3
-63,-23,4
-52,-18,10
-52,6,-8
-62,-23,1
-49,4,-3
-58,-4,-5
-63,-30,11
-52,-19,10
-47,-1,-3
-55,-28,0
-62,-14,-6
-53,-31,11
-58,-20,9
-64,-18,-2
-46,-1,-9
-64,-34,7
-61,-28,10
-63,-24,6
-64,-33,11
-60,-24,7
-56,-19,-2
-54,-15,10
-51,-18,10
-49,-37,14
-56,-20,11
-64,-31,10
-62,-19,-2
-60,-28,6
-49,3,-4
-63,-23,5
-66,-27,3
-54,-6,-4
-50,-18,10
-57,-18,11
-46,1,-12
-59,-24,3
-51,6,-4
-52,-3,-10
-63,-23,1
-49,-4,-10
-63,-22,-2
-63,-32,13
-64,-25,2
-63,-31,13
-46,-20,11
-61,-12,-6
-55,-15,10
-58,-22,10
-57,-19,10
-58,-28,11
-59,-5,-4
-59,-21,4
-60,-21,-3
-61,-20,7
-55,-27,1
-47,-17,10
-54,-22,11
-48,-17,10
-60,-10,-7
-64,-25,6
-62,-22,0
-57,-17,11
-54,-4,-3
-65,-28,6
-53,-23,11
-61,-20,-2
-65,-33,7
-60,-28,9
-59,-29,8
-60,-24,10
-61,-27,1
-60,-21,-4
-65,-26,6
-47,-5,5
-54,-13,9
-51,-22,11
-55,-18,9
-63,-27,1
-64,-24,2
-61,-11,-7
-62,-9,-10
-58,-23,7
-53,-17,9
-65,-33,4
-66,-28,5
-61,-21,9
-64,-25,1
-56,-19,9
-53,-24,11
-51,-12,7
-53,-16,9
-48,2,-2
-56,-18,9
-63,-27,7
-63,-29,9
-63,-29,12
-66,-26,1
-63,-34,13
-53,-5,-7
-49,-37,15
-54,-5,-3
-59,-24,10
-61,-13,-4
-64,-28,7
-57,-22,10
-53,-19,9
-56,-2,-4
-55,-3,-6
-49,-16,10
-63,-29,10
-51,0,-11
-60,-19,9
-57,-3,-6
-66,-34,9
-52,-11,7
-61,-26,7
-65,-23,-3
-62,-34,5
-64,-27,7
-61,-27,10
-64,-16,-6
-60,-35,7
-47,0,-6
-55,-15,9
-51,-13,7
-54,-24,11
-50,-12,8
-44,-11,7
-47,0,-10
-54,-28,11
-45,-18,10
-55,-18,-2
-55,-14,9
-49,-3,-10
-60,-23,0
-51,-5,-9
-61,-25,0
-65,-22,0
-55,-21,9
-53,-21,-2
-47,-17,9
-63,-25,0
-65,-28,7
-51,-3,-10
-64,-32,12
-59,-18,8
-61,-10,-6
-56,-16,9
-66,-32,5
-57,-17,9
-51,4,-7
-60,-8,-3
-51,-19,9
-62,-11,-8
-58,-17,10
-50,-13,8
-51,-15,9
-60,-26,10
-49,3,-3
-64,-33,12
-63,-28,12
-64,-23,3
-56,-20,8
-49,-17,9
-63,-28,8
-61,-9,-4
-55,-21,-4
-50,-19,9
-47,-20,10
-61,-19,8
-64,-23,10
-57,-15,10
-62,-10,-8
-62,-22,10
-58,-2,4
-66,-23,0
-51,-11,6
-49,4,-2
-52,-11,6
-58,-18,8
-60,-9,-4
-59,-23,2
-44,-12,7
-62,-25,10
-52,-14,7
-65,-26,0
-62,-27,8
-53,-19,-2
-62,-26,11
-48,3,-1
-62,-20,5
-66,-25,3
-54,-7,-4
-50,-16,9
-62,-21,1
-54,-18,-2
-59,-24,11
-64,-29,9
-60,-26,6
-45,-11,7
-60,-21,2
-49,-16,9
-64,-29,11
-54,-3,-5
-52,-30,10
-64,-25,9
-66,-33,10
-47,-2,-3
-53,-13,6
-57,-9,-5
-52,6,-5
-50,-14,8
-59,-25,1
-48,-1,0
-63,-26,11
-60,-18,7
-62,-20,-1
-54,8,-8
-62,-26,0
-64,-27,0
-57,0,3
-49,-15,9
-63,-22,6
-57,-3,-2
-54,9,-7
-55,-23,10
-58,-9,-5
-45,-10,7
-48,0,0
-47,-17,8
-57,-29,0
-59,-22,-3
-61,-20,10
-49,2,-7
-66,-30,7
-47,-16,8
-60,-2,3
-50,-13,6
-60,-10,-5
-63,-21,4
-62,-21,9
-46,-16,8
-44,-12,6
-57,-27,1
-59,-18,7
-60,-26,9
-64,-27,11
-46,-6,4
-54,-14,7
-53,-28,10
-62,-20,7
-57,-2,-5
-48,1,-7
-65,-30,11
-52,-17,8
-65,-24,-2
-48,-16,8
-58,-1,2
-47,-15,8
-43,-18,10
-45,-11,6
-51,-12,5
-63,-19,-1
-51,1,-11
-61,-20,-1
-65,-24,6
-52,-21,9
-45,-13,8
-47,2,-10
-56,-21,7
-43,-13,7
-66,-29,8
-55,-26,1
-65,-24,7
-61,-10,-4
-50,-23,11
-49,0,-11
-63,-25,-1
-49,-14,7
-65,-28,9
-59,-22,-1
-52,-13,5
-49,-16,8
-48,-12,7
-47,-18,8
-63,-22,7
-43,-14,9
-59,-17,8
-51,-18,8
-59,-19,5
-61,-18,7
-62,-37,8
-55,-26,0
-66,-32,9
-49,5,-1
-50,-18,8
-45,-14,9
-65,-20,0
-60,-17,9
-57,-17,8
-51,-1,3
-59,-23,1
-63,-12,-9
-63,-18,-1
-66,-25,-1
-44,-12,5
-59,-4,-10
-61,-35,6
-55,-22,-2
-62,-9,-4
-54,-4,-1
-57,-1,2
-64,-20,0
-66,-23,1
-58,-23,4
-61,-25,-1
-58,-24,11
-44,-15,8
-48,-2,0
-59,-3,3
-63,-28,0
-59,-16,10
-46,-19,9
-62,-19,5
-60,-18,6
-53,-2,-1
-44,-14,7
-62,-20,2
-48,-11,7
-55,-1,-2
-61,-27,0
-46,-14,6
-48,-13,6
-62,-36,7
-58,-26,1
-54,-1,-1
-44,-10,5
-66,-26,-1
-60,-9,-3
-47,-13,6
-58,-22,-2
-55,-2,1
-60,-2,2
-61,-18,6
-53,-20,8
-59,-22,-4
-63,-11,-8
-53,-6,-5
-58,-3,-6
-48,-37,14
-62,-8,-4
-47,-15,6
-43,-18,9
-66,-33,6
-65,-21,1
-56,-2,1
-44,-18,9
-58,-1,1
-48,1,-8
-53,-11,5
-50,-10,6
-46,-10,7
-57,-1,1
-51,-16,7
-64,-33,13
-53,-3,-1
-61,-6,-5
-55,-24,10
-55,6,-8
-48,-19,8
-58,-25,10
-51,-4,-9
-51,-23,10
-59,-14,10
-54,-3,-6
-57,-24,10
-58,-7,-2
-49,-23,11
-56,-4,0
-56,-1,-1
-55,-15,7
-58,-3,2
-57,-21,5
-50,-15,6
-60,-16,9
-64,-26,-1
-63,-20,2
-61,-19,11
-62,-8,-7
-46,-16,6
-59,-15,9
-64,-21,3
-50,-21,9
-53,6,-6
-63,-9,-10
-46,-12,5
-51,-3,4
-56,-22,-2
-58,1,1
-55,8,-8
-63,-21,8
-49,-18,7
-59,-27,9
-53,-1,3
-53,-4,-4
-53,-2,2
-55,-1,2
-64,-20,1
-53,-21,8
-47,-1,-8
-46,-22,11
-53,-4,-7
-51,-26,11
-61,-10,-3
-46,-14,5
-56,-2,-6
-48,-17,6
-59,-26,9
-63,-9,-9
-52,4,-8
-55,-26,-1
-59,-28,0
-54,-1,-3
-56,-20,-1
-61,-17,9
-66,-34,7
-61,-4,5
-61,-6,-6
-55,-24,-1
-65,-20,1
-65,-24,-3
-62,-19,9
-48,-13,5
-45,-12,4
-58,-5,-1
-59,-35,4
-58,-25,1
-56,-18,7
-57,-23,6
-60,-36,7
-59,-27,0
-55,-28,11
-43,-16,6
-54,-20,-1
-49,1,-5
-55,-25,-1
-58,-25,3
-52,-2,0
-56,-21,6
-63,-15,-1
-50,-20,8
-57,2,1
-51,-13,4
-52,-16,6
-43,-20,11
-62,-35,5
-60,-5,-7
-47,2,-11
-63,-24,-3
-52,-1,-10
-49,-21,9
-54,-6,-2
-43,-18,8
-56,-30,10
-52,-1,0
-50,-3,3
-48,-15,5
-48,-12,5
-55,-24,0
-58,-19,5
-57,-1,-4
-60,-35,4
-44,-11,3
-58,-23,-1
-58,-4,0
-50,-1,2
-56,-23,7
-61,-16,8
-61,-35,4
-46,-17,6
-48,-2,-2
-61,-26,-1
-50,4,-2
-58,-2,-11
-59,-6,-1
-48,-1,-9
-65,-36,7
-59,-3,0
-55,0,0
-54,-23,8
-54,-7,-3
-54,-8,-4
-51,3,-8
-58,-2,-2
-62,-19,2
-54,-28,10
-64,-21,9
-60,-3,1
-52,0,3
-43,-14,5
-54,-11,5
-66,-25,-2
-49,1,-6
-43,-9,5
-46,-9,6
-53,-4,-1
-62,-18,4
-52,-2,-2
-57,-1,-5
-47,-16,5
-59,-13,-4
-59,-25,7
-46,-10,5
-55,0,-1
-59,-28,7
-55,-4,1
-45,-8,4
-58,-24,5
-46,-20,9
-50,-10,5
-54,-10,7
-62,-7,-3
-55,-6,-1
-59,-10,-4
-56,-5,0
-50,2,-7
-54,-17,-2
-46,-12,4
-48,-19,7
-52,-1,-2
-59,-13,9
-64,-35,5
-55,-19,-1
-63,-37,7
-48,2,-10
-63,-11,-2
-61,-12,-3
-60,-16,7
-59,-21,1
-61,-6,-8
-57,-27,0
-48,-17,5
-47,-6,4
-55,-5,0
-56,-26,0
-65,-22,7
-52,-3,0
-62,-37,7
-58,-28,9
-52,-3,3
-57,-22,-4
-54,-19,-1
-52,-30,9
-59,-3,-3
-52,-3,1
-55,-2,-6
-56,-23,-1
-56,3,1
-56,11,-1
-57,-4,4
-54,0,-2
-64,-20,6
-63,-19,8
-51,-3,-9
-50,2,-3
-55,-26,11
-49,-1,-2
-45,-18,7
-60,-25,-2
-53,-4,0
-52,-10,4
-64,-18,5
-52,-24,9
-51,4,-3
-47,-13,4
-59,-5,5
-54,-25,9
-62,-36,6
-56,-4,2
-59,-5,0
-52,-3,-2
-50,-3,-9
-45,-12,3
-49,-24,11
-57,-15,7
-58,3,1
-60,-8,-1
-57,-25,10
-60,-4,-2
-56,8,-8
-55,-25,-2
-50,-1,0
-55,-11,6
-61,-2,0
-49,-36,14
-56,3,-8
-62,-18,10
-59,-1,-1
-47,-9,6
-45,-21,10
-55,-13,5
-65,-37,7
-45,-10,3
-64,-18,6
-57,-18,6
-45,-9,0
-59,-12,9
-60,-4,-4
-53,-19,-1
-49,-12,4
-49,-10,5
-54,-22,7
-52,-11,3
-53,6,-3
-66,-20,4
-56,-25,0
-62,-12,-2
-61,-36,6
-55,-20,6
-59,-20,0
-56,4,-7
-62,-27,-1
-55,6,-6
-65,-21,6
-62,-7,-8
-48,-9,6
-49,-2,-1
-54,-5,0
-64,-36,6
-56,-4,3
-51,0,-10
-48,-3,-1
-50,-19,6
-49,1,-8
-63,-8,-10
-61,-14,9
-49,-19,6
-58,-29,7
-54,-19,6
-50,1,-2
-59,-6,0
-43,-21,11
-59,-3,-6
-63,-18,2
-50,0,-3
-65,-19,6
-63,-11,-1
-54,-3,4
-58,-15,7
-54,-14,4
-59,-5,3
-61,-9,-1
-64,-16,5
-59,-5,2
-48,-1,-8
-58,-5,2
-65,-17,3
-48,-5,3
-56,6,-6
-55,2,1
-59,-3,-10
-66,-20,6
-55,-1,-5
-51,-3,1
-46,-8,4
-47,-8,6
-48,-19,6
-50,0,1
-61,-27,-1
-55,6,-5
-48,-5,-8
-55,-26,-2
-50,-31,12
-56,7,-6
-55,6,-2
-46,-24,12
-53,-24,8
-63,-16,5
-49,2,0
-52,4,-4
-50,2,-11
-66,-26,-2
-65,-35,3
-58,2,0
-53,-6,-3
-57,-13,7
-50,2,-9
-55,-10,7
-50,-8,6
-48,-2,-8
-53,6,-2
-55,-15,5
-52,-2,-4
-56,-22,0
-59,-10,-3
-65,-19,7
-57,-26,3
-49,3,0
-51,-26,10
-57,-17,6
-56,-11,7
-50,1,-6
-48,-1,-6
-49,-1,-4
-60,-12,-3
-46,-8,3
-59,-26,6
-51,-23,-1
-47,-9,5
-51,4,-2
-48,-8,6
-46,-22,10
-47,-18,5
-46,-7,0
-51,-27,10
-55,-7,-1
-62,-6,-5
-58,-25,8
-52,-10,3
-65,-35,4
-53,-10,3
-56,-28,-1
-53,5,-4
-60,-9,-1
-59,-26,7
-55,-18,-1
-54,5,-6
-50,-13,3
-44,-19,8
-50,-35,13
-47,-4,-2
-63,-16,8
-64,-15,6
-50,-19,5
-55,5,-6
-46,-11,3
-61,-15,11
-56,-5,2
-50,-17,3
-64,-18,8
-47,-7,4
-56,9,-7
-51,-16,3
-63,-16,4
-62,-6,6
-55,-23,-4
-48,-3,-2
-63,-8,-2
-61,-5,4
-51,0,-4
-54,2,2
-61,-5,-6
-56,1,-2
-60,0,-1
-49,2,-11
-65,-36,6
-60,-11,9
-51,3,-2
-56,6,-4
-56,-24,1
-55,1,-2
-57,4,0
-50,-27,11
-56,6,-3
-51,-3,-2
-61,-10,-1
-53,-26,2
-52,5,-2
-49,-25,11
-65,-15,2
-61,-13,8
-48,-21,8
-54,-8,-3
-63,-36,4
-55,5,-1
-49,-17,3
-55,-19,5
-53,4,-6
-48,-18,4
-60,-6,1
-53,-25,8
-54,-25,8
-53,-4,3
-62,-16,10
-51,2,-9
-52,-18,-1
-63,-17,1
-56,-5,3
-55,-25,2
-62,-6,-2
-59,-19,2
-57,8,-2
-61,-7,0
-48,-5,2
-63,-15,8
-64,-36,5
-58,-6,2
-51,-20,-1
-52,-4,4
-51,-19,4
-47,-6,1
-55,5,-5
-54,-9,5
-51,-2,-4
-52,-4,-5
-64,-37,6
-65,-14,3
-58,-13,7
-56,-12,5
-59,-12,8
-59,-1,-4
-45,-17,5
-48,-15,3
-61,-11,9
-54,-20,5
-50,-29,11
-50,-21,7
-55,-24,7
-47,-9,4
-57,0,-6
-58,-20,2
-50,-8,5
-57,-8,-1
-56,-5,4
-56,3,-7
-56,4,-1
-54,-7,-1
-56,-15,5
-59,-8,0
-41,-21,12
-50,-17,2
-61,-5,2
-64,-18,9
-57,-13,6
-43,-21,10
-59,-3,-8
-51,-19,3
-53,-10,2
-62,-6,-7
-60,-15,6
-53,-16,3
-62,-13,9
-54,-11,2
-61,-5,-10
-53,-9,3
-54,-27,9
-55,-12,3
-62,-15,10
-42,-20,9
-51,1,1
-57,-11,7
-61,-5,-8
-53,-17,3
-56,-11,5
-52,-9,3
-54,-21,1
-55,-7,0
-62,-13,7
-51,-12,2
-62,-15,5
-60,-3,-5
-51,-33,11
-52,-19,1
-52,-19,2
-57,6,-1
-61,-4,-4
-51,-20,5
-62,-8,7
-53,-20,1
-58,-10,-3
-58,-25,5
-55,3,-8
-54,-28,9
-58,6,1
-52,-18,0
-52,-18,1
-53,-21,1
-54,-21,5
-46,-19,6
-54,2,-1
-49,-21,7
-58,-10,8
-53,-19,1
-51,-18,-1
-57,-22,1
-52,-20,1
-58,-12,7
-60,-1,-3
-49,-11,3
-62,-5,-3
-60,-9,0
-59,-12,-3
-50,-20,5
-55,-9,6
-57,-24,4
-53,4,-3
-49,-3,-2
-51,-2,-5
-57,7,-3
-50,-10,3
-63,-9,0
-58,4,-7
-62,-6,-8
-47,-8,3
-61,-8,7
-59,-2,-7
-66,-35,4
-51,-22,7
-52,-8,4
-55,-25,8
-57,3,-5
-53,1,-4
-55,-5,4
-54,-16,-2
-53,-20,2
-47,-19,5
-50,-17,1
-53,-8,-4
-54,-19,3
-58,1,-3
-54,4,-6
-56,3,-2
-54,2,-2
-57,6,-4
-55,-9,-3
-52,-17,1
-52,-1,-9
-59,0,-4
-60,1,-1
-47,-3,-6
-51,-8,4
-57,-11,-4
-54,3,0
-45,-16,4
-50,-31,11
-54,-20,3
-62,-11,8
-55,4,-5
-58,-9,-1
-58,2,-6
-62,-12,7
-57,-7,2
-60,-8,1
-54,4,-1
-51,-20,1
-64,-11,3
-57,-11,6
-54,4,-5
-63,-11,6
-57,-16,5
-56,-22,3
-53,3,-3
-57,2,-3
-54,-17,3
-55,-7,1
-60,-14,6
-54,4,-2
-54,-8,-1
-55,-20,3
-55,-14,3
-54,3,-1
-60,-7,5
-59,0,-5
-57,-15,5
-59,-14,6
-56,-14,4
-63,-10,6
-55,-21,3
-53,-7,-2
-50,-26,10
-56,3,-5
-51,-24,0
-57,9,-4
-56,-9,7
-56,3,-3
-50,-16,1
-48,-4,-7
-55,-23,5
-54,-10,1
-53,-8,3
-51,-29,9
-50,-1,-7
-53,0,-5
-60,-1,-4
-55,-19,3
-52,-21,5
-50,-4,-7
-58,5,-6
-60,-7,3
-59,-16,5
-54,1,-4
-50,-5,3
-54,-8,3
-57,-20,2
-57,-7,4
-57,3,-4
-58,0,-7
-56,-22,2
-39,-22,13
-58,-27,8
-54,-26,8
-52,-8,3
-53,-21,3
-50,-2,-7
-58,2,-2
-49,-13,2
-52,-5,2
-52,-2,-7
-59,-37,4
-57,-9,-1
-53,-6,1
-52,-21,2
-60,0,-3
-54,3,-3
-55,-9,1
-53,3,0
-49,-5,2
-62,-12,6
-55,-8,2
-53,-7,-1
-55,-19,1
-51,-27,9
-61,-9,1
-58,-2,-9
-56,-12,3
-53,3,1
-51,-2,-7
-46,-21,8
-54,3,-8
-53,-7,5
-53,-13,1
-56,2,-5
-50,-20,2
-62,-38,5
-48,-5,-7
-48,-3,-6
-56,-8,3
-54,-12,1
-56,-9,2
-56,-17,4
-56,-9,-1
-56,0,-6
-63,-13,2
-54,0,-5
-52,-21,3
-57,-2,-8
-51,-1,-7
-50,-7,4
-53,-7,4
-62,-5,1
-62,-8,1
-52,-27,8
-56,-11,-4
-54,-22,4
-61,-15,-1
-49,-29,12
-53,-1,-6
-55,-13,2
-59,-8,3
-50,-34,12
-58,-15,5
-60,-13,6
-43,-17,5
-48,-8,3
-57,-9,3
-57,-9,4
-57,-8,6
-45,-19,6
-54,-24,6
-62,-10,6
-60,-2,-6
-49,-9,3
-45,-18,5
-55,2,-4
-59,-8,4
-58,-11,6
-54,-9,-1
-53,-6,4
-55,3,-7
-55,-7,5
-52,-8,2
-61,-14,5
-50,-25,0
-58,-12,-3
-59,1,-6
-63,-7,-1
-53,-23,2
-51,-22,6
-48,-19,3
-43,-24,12
-58,-9,2
-64,-17,10
-61,-12,6
-50,-17,-1
-52,-7,3
-50,-10,2
-58,6,-5
-57,-13,4
-64,-37,4
-52,-6,3
-50,-32,11
-53,-8,-1
-47,-26,12
-58,-13,5
-62,-11,5
-49,-4,-1
-66,-37,6
-47,-23,9
-54,-17,0
-49,-8,3
-50,-4,-6
-52,-6,2
-58,7,-5
-55,-25,3
-63,-9,2
-53,-11,0
-47,-15,2
-62,-8,4
-48,-5,0
-50,-21,0
-56,-12,2
-45,-20,7
-50,-21,4
-50,-24,8
-60,-1,-6
-53,-16,0
-60,-14,5
-59,-10,6
-52,4,1
-59,-12,-2
-60,2,-1
-61,-9,5
-62,-15,3
-50,-7,3
-45,-14,2
-44,-24,11
-62,-10,4
-62,-12,4
-63,-8,1
-50,-21,2
-60,-11,6
-66,-36,5
-51,-25,1
-48,-26,11
-45,-21,8
-50,-5,1
-55,-24,5
-46,-18,4
-58,5,-4
-50,-29,10
-61,-10,2
-47,-37,14
-60,-11,0
-63,-13,10
-46,-25,11
-44,-23,10
-51,-5,-1
-51,-15,-1
-54,-16,-1
-55,-15,2
-61,-12,0
-51,-22,2
-60,0,-6
-53,-23,3
-60,-10,2
-48,-22,7
-59,3,-7
-59,-11,5
-52,-9,0
-55,-13,1
-46,-9,0
-58,-27,7
-59,-14,-2
-55,-16,2
-58,-11,3
-60,-1,-7
-57,-13,3
-48,-23,8
-52,-15,-1
-53,-10,-1
-52,-7,-4
-60,-11,5
-46,-13,1
-50,-15,-1
-57,-28,8
-60,1,-5
-61,-11,2
-48,-20,3
-54,-25,6
-53,-9,-2
-47,-16,2
-41,-23,11
-49,-34,13
-56,-18,1
-59,3,-5
-63,-16,12
-57,-15,-2
-49,-25,9
-57,-25,5
-48,-12,1
-54,-15,-2
-42,-25,13
-55,-16,-1
-53,-24,3
-56,-14,2
-43,-24,11
-66,-36,4
-46,-15,2
-47,-9,1
-61,-12,1
-55,2,-6
-59,-11,1
-40,-24,13
-59,-11,2
-53,-24,5
-61,-16,0
-43,-23,10
-56,1,-7
-47,-25,10
-50,-22,3
-59,-14,4
-54,-15,0
-51,-14,-1
-65,-37,4
-53,1,-7
-59,-12,-1
-48,-21,4
-61,-13,0
-48,-5,-6
-48,-5,-1
-58,-13,-2
-59,5,-5
-60,-12,0
-52,-9,-1
-57,-18,1
-49,-25,0
-53,-24,4
-58,-12,2
-49,-13,0
-55,2,-8
-45,-19,5
-59,3,-3
-57,-27,8
-49,-10,1
-54,-12,-1
-56,-25,6
-50,-23,1
-56,0,-7
-50,-7,1
-54,2,-8
-52,-24,3
-48,-27,11
-49,-27,10
-46,-8,-2
-46,-19,4
-59,-12,2
-48,-9,1
-61,-16,1
-57,-13,-2
-53,-27,4
-48,-13,0
-59,-12,0
-56,-12,-1
-45,-22,8
-46,-14,1
-52,-8,-2
-45,-21,7
-59,-12,1
-50,-23,5
-46,-7,-4
-49,-14,-1
-55,-15,-1
-48,-22,5
-60,-15,3
-54,-26,6
-48,-6,-6
-47,-12,0
-55,-14,-2
-50,-14,-2
-51,-12,-1
-46,-26,11
-56,-15,1
-45,-18,4
-55,13,-8
-53,-11,-2
-47,-22,6
-43,-20,7
-56,-13,-1
-49,-19,-1
-56,1,-8
-56,-16,0
-51,-24,5
-49,-11,0
-49,-13,-1
-38,-23,12
-44,-26,12
-47,-9,0
-51,-25,6
-40,-25,13
-47,-10,0
-60,-13,1
-50,-34,11
-48,-35,14
-45,-15,2
-54,-26,5
-54,0,-7
-50,-6,-5
-46,-16,2
-59,-15,-1
-59,-13,1
-53,-13,-2
-49,-10,0
-58,-15,2
-56,-1,-8
-48,-13,-1
-57,-14,0
-52,-27,6
-52,-28,6
-57,-16,1
-50,-24,3
-66,-38,5
-49,-24,6
-57,-16,0
-49,-15,-2
-49,-9,0
-51,-25,3
-43,-14,2
-47,-19,2
-51,-7,-2
-45,-20,5
-50,-26,2
-50,-27,8
-48,-26,9
-45,-22,7
-52,-10,-3
-60,-14,1
-46,-24,8
-44,-25,10
-51,-26,6
-47,-7,-5
-48,-24,0
-51,-11,-2
-49,-11,-1
-49,-26,8
-44,-24,9
-49,-24,4
-48,-24,1
-55,-27,5
-50,-7,-1
-48,-24,6
-42,-26,12
-56,-27,5
-50,-7,-5
-47,-15,0
-41,-15,3
-59,-15,1
-40,-24,11
-50,-25,5
-48,-6,-5
-55,1,-8
-50,-13,-3
-49,-10,-1
-47,-24,2
-47,-24,1
-47,-26,1
-35,-23,12
-41,-28,14
-43,-25,10
-49,-26,2
-38,-25,14
-45,-22,6
-41,-27,13
-47,-12,-2
-51,-11,-3
-44,-22,7
-40,-23,10
-49,-25,4
-50,-10,-2
-49,-32,11
-47,-10,-2
-47,-24,5
-48,-8,-1
-47,-8,-4
-46,-23,4
-46,-23,3
-44,-28,13
-51,-27,4
-48,-26,2
-44,-15,2
-44,-24,8
-41,-19,6
-50,-8,-2
-48,-6,-4
-43,-23,8
-39,-32,16
-47,-29,12
-42,-26,11
-49,-26,3
-46,-27,10
-48,-31,12
-48,-33,13
-44,-23,7
-46,-25,3
-48,-12,-3
-36,-24,13
-47,-13,-2
-45,-24,3
-45,-23,5
-50,-10,-3
-43,-25,9
-40,-25,11
-49,-9,-2
-48,-26,3
-48,-34,13
-50,-8,-3
-46,-26,8
-50,-9,-3
-47,-36,14
-38,-31,16
-43,-18,4
-43,-30,14
-49,-27,7
-46,-25,6
-45,-24,5
-48,-26,6
-49,-7,-3
-47,-26,3
-49,-31,10
-36,-33,16
-44,-23,6
-49,-27,3
-41,-31,14
-38,-35,15
-42,-28,12
-48,-8,-4
-33,-24,13
-45,-25,4
-48,-32,12
-40,-34,15
-43,-23,7
-31,-24,13
-48,-9,-3
-41,-28,12
-38,-28,14
-44,-24,6
-36,-25,14
-44,-24,3
-44,-23,5
-43,-25,8
-40,-30,13
-44,-24,4
-40,-28,12
-48,-27,7
-40,-16,3
-49,-27,4
-42,-19,5
-37,-30,16
-32,-24,12
-43,-27,10
-37,-31,14
-44,-18,3
-43,-15,2
-37,-29,14
-36,-31,15
-36,-25,13
-42,-16,3
-48,-31,11
-43,-30,13
-44,-27,2
-50,-28,5
-44,-23,3
-44,-29,12
-49,-28,3
-46,-23,0
-47,-13,-3
-41,-31,13
-44,-31,14
-44,-26,7
-38,-29,12
-43,-24,6
-39,-30,12
-45,-30,13
-43,-26,3
-41,-25,9
-35,-25,15
-50,-32,8
-43,-27,9
-43,-25,4
-44,-28,10
-34,-25,14
-36,-29,15
-39,-32,13
-45,-21,2
-43,-25,5
-39,-34,14
-44,-22,3
-36,-26,13
-36,-28,14
-42,-30,12
-49,-28,6
-39,-31,12
-44,-27,3
-31,-25,13
-36,-28,15
-42,-27,9
-36,-29,16
-40,-34,14
-39,-35,14
-49,-28,4
-36,-30,12
-41,-32,13
-37,-33,13
-43,-26,5
-40,-24,9
-35,-30,15
-41,-21,7
-38,-27,11
-33,-25,12
-43,-23,4
-35,-30,16
-40,-28,10
-46,-22,0
-37,-31,11
-38,-31,11
-44,-31,13
-44,-27,4
-47,-29,9
-42,-32,13
-45,-31,13
-39,-28,10
-47,-28,7
-41,-29,10
-50,-30,6
-38,-29,10
-39,-27,10
-39,-26,10
-41,-15,2
-42,-26,6
-44,-27,5
-46,-30,11
-42,-26,5
-37,-27,11
-46,-15,-1
-48,-30,9
-43,-27,6
-36,-24,11
-41,-35,14
-37,-31,10
-47,-18,-1
-41,-33,13
-43,-28,8
-38,-31,10
-36,-30,10
-42,-27,4
-46,-21,0
-35,-28,16
-44,-30,11
-38,-27,10
-41,-26,7
-37,-28,10
-33,-26,15
-47,-28,4
-45,-28,3
-39,-29,9
-39,-28,9
-36,-27,11
-44,-19,2
-44,-23,1
-47,-14,-3
-44,-29,9
-30,-27,16
-42,-28,3
-38,-26,10
-40,-32,11
-34,-29,15
-38,-24,10
-46,-28,4
-35,-33,12
-34,-29,14
-49,-30,7
-38,-25,10
-40,-25,8
-43,-30,10
-40,-28,8
-41,-27,6
-42,-14,1
-30,-27,14
-30,-30,16
-36,-28,10
-33,-27,15
-41,-30,9
-35,-32,11
-43,-31,11
-41,-32,11
-30,-28,16
-37,-36,13
-41,-29,2
-48,-29,6
-39,-29,8
-36,-29,9
-30,-26,12
-39,-34,12
-43,-35,14
-38,-29,8
-38,-30,8
-30,-28,15
-42,-24,3
-47,-31,10
-34,-26,11
-41,-23,6
-33,-28,15
-40,-32,10
-48,-29,4
-41,-30,2
-43,-30,9
-40,-30,8
-40,-27,6
-41,-29,3
-40,-34,12
-31,-29,17
-38,-35,12
-42,-22,4
-42,-34,13
-46,-17,-1
-40,-28,6
-42,-33,12
-41,-31,9
-45,-30,9
-40,-28,4
-32,-26,11
-44,-29,3
-40,-28,5
-40,-26,5
-41,-35,13
-34,-27,11
-46,-29,3
-41,-29,4
-47,-29,5
-46,-29,6
-38,-30,7
-39,-30,7
-31,-26,11
-31,-28,14
-46,-18,-1
-44,-31,10
-44,-29,6
-31,-29,15
-40,-29,4
-41,-15,1
-41,-25,3
-37,-29,7
-36,-33,9
-43,-34,13
-40,-33,10
-39,-29,6
-46,-32,11
-44,-29,5
-30,-26,11
-39,-28,5
-43,-17,1
-41,-31,8
-34,-26,10
-48,-31,8
-39,-36,12
-47,-33,11
-38,-35,11
-38,-24,9
-45,-34,13
-44,-16,0
-34,-29,11
-44,-34,13
-37,-27,8
-44,-33,12
-39,-25,7
-43,-32,10
-42,-34,12
-42,-31,8
-42,-22,3
-40,-31,3
-34,-27,10
-48,-34,10
-46,-30,7
-40,-33,9
-39,-26,4
-36,-34,9
-37,-29,6
-45,-17,-1
-40,-36,12
-41,-31,7
-39,-25,6
-45,-22,-1
-49,-31,6
-38,-25,8
-37,-27,7
-36,-27,8
-31,-26,10
-39,-26,3
-44,-21,0
-33,-29,12
-39,-34,9
-44,-30,6
-31,-30,14
-39,-25,5
-42,-19,2
-37,-24,9
-43,-16,0
-40,-22,6
-47,-34,11
-38,-25,-1
-40,-25,3
-37,-27,6
-35,-28,8
-46,-31,8
-45,-31,8
-36,-36,10
-42,-23,2
-38,-25,7
-31,-28,12
-38,-26,3
-42,-32,8
-38,-34,8
-44,-34,12
-43,-31,7
-44,-17,-1
-48,-34,9
-46,-16,-3
-31,-29,13
-42,-16,0
-45,-18,-2
-40,-26,1
-45,-17,-2
-44,-19,-5
-37,-26,4
-37,-26,5
-45,-32,9
-44,-20,-1
-42,-22,2
-41,-16,0
-46,-16,-4
-37,-35,8
-39,-25,3
-38,-25,0
-45,-18,-3
-42,-24,1
-41,-23,3
-41,-19,3
-33,-25,8
-35,-28,7
-39,-32,5
-37,-37,9
-38,-33,6
-44,-20,-3
-44,-20,-2
-37,-24,8
-44,-18,-3
-37,-25,6
-42,-37,13
-38,-36,9
-31,-27,10
-47,-35,11
-43,-18,-2
-34,-29,9
-41,-18,2
-43,-19,-2
-44,-34,11
-38,-25,2
-43,-21,-4
-43,-31,5
-48,-34,8
-41,-22,3
-45,-31,6
-38,-24,5
-32,-25,8
-43,-20,-2
-42,-20,1
-44,-16,-2
-38,-37,9
-43,-32,7
-35,-27,6
-37,-24,1
-39,-37,10
-45,-16,-4
-41,-36,11
-45,-31,4
-44,-22,-3
-42,-21,-4
-36,-24,2
-35,-24,7
-40,-25,1
-42,-32,6
-42,-18,-4
-43,-16,-2
-42,-17,-3
-39,-24,3
-43,-33,8
-36,-24,6
-40,-20,5
-41,-16,-2
-41,-18,-2
-45,-32,7
-43,-35,11
-41,-23,2
-46,-32,7
-40,-25,0
-47,-36,11
-43,-32,6
-38,-35,6
-34,-23,7
-40,-21,4
-43,-23,-2
-40,-25,-1
-42,-32,5
-44,-33,8
-42,-21,0
-41,-17,-3
-42,-21,-1
-37,-23,6
-41,-19,1
-40,-37,10
-42,-24,-1
-43,-36,12
-41,-20,-2
-42,-23,-2
-42,-22,-1
-34,-24,6
-31,-28,10
-43,-32,5
-38,-22,7
-44,-34,9
-41,-18,-4
-41,-24,-1
-37,-23,4
-41,-23,1
-47,-35,9
-41,-20,1
-39,-16,-1
-45,-34,9
-41,-16,-3
-44,-32,4
-37,-23,3
-39,-22,-3
-41,-20,0
-41,-23,0
-40,-21,3
-44,-37,13
-39,-37,7
-41,-33,4
-42,-16,-4
-39,-23,0
-42,-34,7
-42,-36,10
-42,-15,-3
-40,-20,-2
-40,-34,5
-40,-20,-4
-43,-36,11
-41,-17,-4
-45,-34,8
-38,-22,-1
-44,-33,6
-46,-33,6
-40,-20,-1
-31,-28,9
-35,-23,4
-39,-22,0
-44,-35,9
-40,-21,1
-38,-21,6
-44,-34,7
-41,-14,-2
-40,-37,7
-45,-33,5
-40,-35,5
-37,-22,0
-39,-20,-3
-43,-34,6
-38,-21,-2
-41,-16,-4
-37,-22,1
-42,-34,5
-45,-37,12
-42,-14,-3
-45,-13,-3
-43,-15,-5
-39,-20,-4
-43,-34,5
-39,-18,-2
-39,-17,0
-35,-22,4
-38,-21,1
-40,-17,-4
-43,-13,-1
-41,-17,-5
-40,-19,-5
-44,-36,8
-37,-21,-1
-38,-20,-1
-37,-21,0
-39,-19,4
-44,-36,7
-38,-20,-4
-41,-13,-1
-40,-16,-4
-41,-16,-5
-40,-14,-2
-37,-20,-1
-38,-18,-2
-38,-18,1
-36,-21,-1
-37,-19,0
-40,-16,-5
-42,-13,-3
-37,-18,-1
-36,-20,1
47,-17,-4
48,-17,-4
55,5,-12
53,7,-13
52,6,-12
51,11,-11
53,8,-12
53,9,-13
52,9,-14
54,-29,8
56,7,-11
51,9,-14
52,7,-11
54,5,-11
52,11,-10
53,11,-13
53,11,-12
54,9,-11
52,7,-10
53,7,-10
56,6,-10
55,7,-10
54,9,-10
54,11,-11
56,9,-11
54,10,-10
64,-28,2
55,-27,4
60,-16,-2
46,-8,4
58,-27,4
62,-26,3
63,-4,5
54,10,-9
60,-27,4
55,12,-12
61,-16,-2
53,-28,9
65,-28,2
62,-3,4
57,-28,6
62,-4,6
55,7,-9
63,-25,2
65,-27,2
53,-3,-11
60,-25,3
63,-26,5
53,-16,15
47,-8,6
56,7,-9
59,-10,9
58,-9,10
62,-26,5
60,-8,9
66,-28,16
62,-5,3
60,-10,8
54,9,-8
60,-25,4
65,-26,3
59,-10,11
54,-27,8
54,5,-9
60,-10,11
63,-24,4
59,-26,5
45,-11,8
65,-27,17
64,-9,2
66,-29,2
62,-14,-2
47,-9,8
45,-12,7
54,-15,14
54,8,-8
61,-9,7
63,-6,6
57,-25,4
63,-9,2
61,-11,10
57,-10,9
45,-10,9
62,-8,1
59,-7,-3
58,-11,8
60,-16,-1
59,-25,5
66,-28,3
60,-9,6
61,-5,5
63,-9,1
61,-15,-1
62,-6,1
60,-12,10
63,-8,5
58,-8,8
62,-8,6
61,-12,8
62,-11,10
66,-27,2
61,-7,4
62,-8,9
47,-10,6
57,10,-11
47,-7,4
59,-8,-2
55,-15,14
62,-12,8
63,-7,6
60,-7,1
55,-28,9
53,-15,13
61,-8,0
57,-11,8
58,-24,3
60,-24,4
64,-7,0
65,-9,-1
60,-8,0
63,-11,8
62,-5,1
60,-7,8
58,-9,6
62,-11,11
53,-14,12
59,-10,5
54,-14,12
58,-7,-2
47,-10,5
62,-10,12
56,-10,9
65,-8,-1
60,-8,3
60,-8,4
61,-24,2
60,-9,3
60,-8,-4
64,-24,6
59,-26,6
58,5,-8
61,-11,5
61,-3,3
64,-10,0
56,-10,11
61,-11,12
57,-12,11
57,-12,9
56,-26,7
45,-12,8
60,-7,-4
63,-10,11
55,-14,12
54,-13,11
59,-10,4
62,-13,8
59,-17,-1
58,-7,-1
59,-13,10
62,-27,6
52,-14,11
56,-10,7
63,-7,-1
64,-6,0
57,-29,8
63,-11,4
62,-13,-2
51,4,-9
63,-10,12
64,-9,-3
53,-14,7
64,-10,-2
53,-13,7
55,-12,11
59,-8,2
61,-6,8
63,-24,1
57,-26,7
53,7,-7
56,-9,11
53,-15,9
63,-9,-4
51,-14,7
56,-16,15
59,5,-8
63,-28,6
62,-9,-4
63,-14,-2
59,-8,4
58,2,-8
62,-10,1
56,-30,9
64,-15,-5
60,-9,0
48,-9,5
61,1,-7
60,-5,2
55,-13,9
57,-10,4
54,-16,13
63,-13,10
48,-10,6
63,-11,12
57,11,-11
48,-9,9
53,-12,11
65,-25,6
52,-13,12
46,-11,9
55,-13,14
54,-14,7
64,-10,9
65,-11,2
51,-15,7
61,-6,-2
63,-12,5
53,-12,9
65,-10,-3
52,-17,14
59,-11,4
63,-28,15
59,-9,0
58,-6,-3
59,-9,-1
62,-11,3
56,-15,13
56,-25,6
66,-26,16
51,-14,11
47,-11,5
55,-27,9
51,-15,11
56,-8,9
61,-11,13
63,-6,-1
64,-8,7
52,-12,9
62,-11,13
57,-14,12
58,-9,-2
48,-7,6
60,-5,5
58,-13,8
64,-17,-5
58,-25,7
62,-28,6
51,-12,7
64,-27,15
56,-9,5
54,-11,4
60,-13,7
62,-11,-3
59,-24,7
46,-12,5
63,-17,-2
51,-12,6
64,-16,-3
55,-25,4
53,-11,11
64,-11,12
53,-16,11
59,-23,6
57,-12,5
60,-7,-5
60,-12,5
50,-15,10
57,-24,6
60,-14,11
58,-23,3
64,-24,1
63,-16,-1
54,-10,5
60,-4,5
53,-18,15
58,-10,2
53,-16,10
52,-11,6
59,-12,5
59,-13,7
47,-12,8
64,-22,4
63,-23,2
49,-11,7
54,-10,6
61,-10,-3
63,-4,0
57,-8,-1
49,-15,7
64,-14,-5
49,-10,8
62,-2,2
61,-23,7
51,-16,11
62,-3,1
53,-16,9
54,7,-7
66,-29,6
55,-9,7
63,-23,7
61,-7,-5
62,-12,4
64,-11,13
64,-14,-3
56,-8,7
64,-12,12
64,-8,-5
48,-12,6
59,-10,1
59,6,-8
59,-26,7
58,-23,6
50,-16,10
59,-5,-2
52,-11,11
61,-13,13
54,-26,8
57,-14,9
48,-4,6
65,-12,3
60,-5,-2
58,-7,6
44,-13,8
57,-8,3
50,-17,14
58,-14,9
66,-25,2
67,-29,6
64,-7,-3
64,-22,3
53,-10,7
57,-16,15
67,-27,5
63,-13,12
53,-26,5
57,2,-8
48,-15,8
47,-12,5
64,-8,-6
59,-23,2
59,-6,4
57,-24,7
50,-15,13
57,-9,-1
64,-16,-1
53,-10,11
60,-26,7
49,-8,9
64,-6,-2
54,-27,10
49,-15,6
58,-7,5
64,-25,17
58,-15,14
49,-14,10
57,-15,11
62,-13,13
62,-22,6
61,-11,-2
51,4,-8
59,-6,5
51,-10,4
65,-13,4
67,-26,2
60,-29,16
63,-7,-4
47,-14,7
57,-10,1
58,-15,13
59,-5,2
58,-13,6
59,-13,6
50,-9,6
54,-11,2
50,-11,4
64,-17,-2
62,-1,-6
52,-11,12
49,-10,10
50,-9,5
63,-3,0
66,-28,8
49,-8,10
67,-27,6
64,-26,15
64,-4,-1
57,-6,-2
63,-3,-6
48,-10,3
51,-17,12
62,-15,0
60,-28,15
63,-7,-6
64,-12,2
66,-28,13
51,-17,11
50,-12,4
59,-5,3
63,-18,-2
51,-17,9
66,-16,0
60,-22,6
51,-15,5
53,-9,6
59,-13,-1
50,-9,4
50,-14,13
51,-9,5
59,1,-7
62,-5,-2
62,-26,8
57,-13,5
47,-12,10
50,-17,8
57,-7,2
61,-5,-7
55,6,-7
63,-16,0
60,-14,15
64,-29,7
53,-14,4
56,-15,8
55,2,-9
60,-15,10
51,-9,7
59,-15,10
64,-16,0
64,-21,3
55,-8,4
47,-10,11
52,-17,9
66,-16,-1
56,-29,10
65,-24,1
56,-7,8
53,-13,3
61,4,-7
54,-9,1
65,-13,11
46,-11,11
58,-27,8
47,-15,9
64,-28,8
57,-7,5
51,-17,8
56,7,-7
47,-13,5
60,-26,16
54,-13,3
64,-21,5
49,-7,6
54,7,-6
66,-25,16
56,-16,10
59,-12,3
46,-10,2
54,-12,2
58,-23,8
63,-12,1
65,-14,-1
63,-21,5
58,-5,0
67,-29,11
65,-17,0
60,-11,0
61,-5,-3
59,-14,7
65,-29,8
66,-14,0
59,-15,9
60,-22,3
62,-27,14
46,-9,1
48,-4,3
48,-15,11
46,-14,9
65,-25,8
47,-12,4
59,-13,5
60,5,-7
59,-5,5
64,-13,13
67,-18,-6
62,-17,0
50,2,-9
57,-16,12
60,-15,13
62,-2,1
47,-16,7
51,-18,13
61,-2,2
61,-17,0
52,2,-9
50,-8,4
67,-28,10
61,-14,6
57,-11,1
65,-14,0
48,-10,11
49,-6,8
65,-28,9
65,-13,-1
65,-21,3
67,-28,11
56,-12,2
54,2,-9
52,-10,1
56,2,-8
49,-13,4
47,-6,1
52,-27,9
54,-8,9
64,-20,3
64,-6,-4
56,3,-7
67,-27,8
58,-6,5
49,-6,7
56,-14,-1
58,-24,9
63,-16,17
61,-19,-1
50,-33,19
63,-29,7
58,-16,14
53,2,-9
56,-7,3
65,-13,0
63,-18,0
49,-9,11
51,-8,4
61,-27,14
50,-18,10
56,-7,4
51,-8,6
64,-13,2
58,-30,16
65,-18,1
67,-25,2
55,-8,-1
47,-13,11
50,-18,11
61,-23,9
59,-4,2
52,-9,1
59,-4,3
50,-18,9
66,-23,3
57,-29,15
66,-24,6
63,-3,-5
59,7,-7
55,-28,11
46,-14,14
58,-11,0
58,-25,9
54,-30,16
50,3,-7
51,-8,8
50,-1,2
52,4,-7
54,7,-5
58,-30,12
54,4,-7
61,-15,13
65,-30,7
58,-24,18
61,-15,16
48,-18,10
55,-7,8
61,-28,7
51,-10,1
53,-30,16
54,-30,17
49,-3,2
64,-15,3
59,-26,16
64,-23,8
61,-15,7
46,-15,10
49,-12,3
62,-23,9
53,4,-7
66,-19,-6
57,4,-6
59,-4,0
62,-21,2
55,-12,-2
62,-2,-5
66,-17,5
53,-29,16
64,-14,2
56,-22,3
65,-18,4
58,7,-6
51,-18,9
65,-15,9
59,-29,8
63,-24,17
63,-13,1
58,4,-6
54,-29,15
65,-18,-1
57,-30,12
65,-24,0
57,-28,18
64,-25,15
59,-4,5
49,-19,15
55,-26,10
55,-7,5
56,-30,17
63,-25,10
60,-21,5
47,-14,12
55,-9,-2
48,-18,11
57,-26,18
55,-31,16
55,-18,13
65,-23,1
64,-18,3
50,3,-5
50,-2,2
50,2,-7
59,-21,5
56,-29,14
65,-26,13
48,-3,-8
46,-16,10
45,-15,7
55,-10,-2
55,-29,14
67,-25,1
45,-14,10
54,-14,-1
46,-15,11
63,-5,-5
51,-19,14
65,-25,9
56,-12,1
56,-17,10
48,-13,12
52,2,-8
57,-28,19
62,-5,-5
54,-29,14
51,-30,19
56,-22,4
52,3,-7
50,-10,1
49,-6,3
58,0,-7
56,-13,-1
51,-10,12
57,-6,5
63,-16,7
65,-29,12
62,0,-5
63,-4,-4
49,-17,6
64,-25,10
64,-17,4
57,-28,15
59,-18,0
56,-25,19
56,-13,2
62,-21,1
57,3,-6
61,-24,10
56,-31,17
56,-29,13
51,-32,18
64,-26,11
55,-27,11
54,-29,13
64,-18,4
67,-24,3
61,-4,-3
63,-26,11
53,6,-5
61,-27,13
52,-32,21
59,-1,-6
62,-21,7
61,-3,-5
46,-13,4
59,3,-6
63,-17,17
57,6,-5
58,-21,1
51,-7,4
51,-7,5
63,-14,2
57,-21,3
61,-2,1
60,6,-6
53,-12,0
57,-21,2
55,-23,4
44,-13,10
53,-7,4
48,-14,4
62,-20,0
53,-31,15
58,-13,0
50,-19,11
63,-18,2
56,-7,-3
59,7,-5
51,-32,17
48,-17,6
60,-21,2
54,-11,-2
52,-7,3
51,-17,6
56,-17,9
53,-16,5
55,-18,11
56,-22,5
49,-1,-8
65,-15,10
49,-6,2
56,-30,18
64,-31,5
51,-29,17
62,-16,10
64,-19,5
53,-31,18
49,-2,-9
66,-19,1
57,-5,1
63,-16,5
53,-14,2
61,-16,12
63,-16,9
56,5,-5
59,-30,17
52,-8,0
50,-4,4
52,4,-6
54,-12,-1
53,-14,-1
51,-7,8
61,-21,1
51,-1,5
61,5,-6
66,-26,10
51,-7,2
56,-27,17
58,8,-5
52,-14,2
57,-24,18
60,-16,8
48,-19,15
56,8,-5
55,-28,14
51,1,-7
54,-31,18
58,-4,-1
57,-26,17
47,-18,12
53,-19,12
45,-16,8
52,-33,20
56,-29,20
50,1,-1
52,-10,-1
50,1,-5
57,1,-7
58,-17,11
50,-18,7
66,-31,8
59,-3,5
58,-20,0
50,-10,12
60,-27,13
52,-31,14
62,-22,9
63,-18,3
52,-28,19
63,-16,4
56,-18,12
52,-32,17
55,-31,13
51,-2,3
59,8,-4
56,-28,13
62,-27,10
57,-17,9
56,-26,18
50,-4,7
48,-33,18
57,7,-4
51,-7,10
59,-3,3
55,-32,17
56,-6,-3
55,-15,4
48,-8,0
51,-7,1
45,-12,3
53,-31,20
59,-4,7
55,2,-7
53,-26,10
63,-17,3
47,-18,13
49,-6,1
62,-25,12
51,-15,3
50,-3,1
60,-2,2
58,1,-6
60,-25,15
61,-16,14
59,-17,11
57,-27,15
55,-6,8
55,6,-4
55,-14,1
65,-17,7
63,-19,5
59,-29,11
53,-14,1
45,-17,9
57,8,-4
60,-15,6
49,-8,0
45,-16,12
63,-1,-1
50,-8,0
59,-3,6
60,-26,10
63,-18,4
61,-28,8
60,-15,1
49,-19,8
62,-29,12
50,-5,9
59,-28,12
52,-6,3
54,2,-7
60,8,-5
58,4,-5
49,-9,0
59,6,-4
55,-23,6
56,-18,10
52,-16,4
58,8,-3
58,-4,2
66,-17,7
54,-32,16
54,-6,4
53,-17,6
49,-31,16
52,3,-5
56,-5,1
55,-25,10
50,-4,8
49,-30,18
65,-31,9
58,-30,18
56,3,-5
57,-22,9
50,-4,1
50,-29,18
52,-6,1
61,5,-5
67,-20,3
61,-25,12
54,-6,5
50,-32,15
57,5,-4
52,-13,-1
51,-4,5
62,-29,8
66,-23,7
57,-5,4
52,2,-5
67,-23,5
64,-20,-3
60,-24,16
56,7,-3
56,-30,20
50,-20,12
57,-14,2
67,-22,4
51,-5,5
50,-5,1
59,-20,4
57,-17,0
58,-25,16
59,-16,7
46,-15,5
54,-27,13
53,-3,-10
50,-19,8
51,0,1
55,-21,1
64,-19,17
62,-16,5
61,-17,9
65,-23,17
67,-22,3
65,-20,-1
53,-15,2
55,-25,19
60,-17,1
56,-5,2
47,-20,11
52,1,-6
53,-25,7
49,-30,19
44,-15,13
54,-22,2
61,-17,12
45,-10,1
58,-17,8
55,-27,14
52,-10,-2
51,2,0
52,5,-4
46,-9,0
52,2,-4
54,-15,1
56,-27,13
51,-20,13
50,0,-2
52,-18,7
62,-17,9
52,3,-4
51,-2,-10
49,-17,5
51,-31,13
55,-7,-3
57,-26,11
55,-21,2
62,-22,10
63,-29,10
63,-16,14
58,6,-3
65,-17,8
58,-18,11
66,-21,-5
54,-23,4
62,-1,-2
51,-33,16
66,-24,-1
54,-16,4
65,-16,10
52,-6,7
61,-17,14
63,-31,7
66,-32,9
54,-5,-1
66,-20,0
49,-20,15
57,-15,1
52,-17,5
64,-21,-2
52,-4,3
52,-20,15
57,-18,9
66,-19,-3
51,-5,7
59,-3,0
62,-17,6
59,5,-4
53,-31,12
58,-21,17
59,-18,1
61,-1,1
56,-5,6
53,-27,15
62,-16,4
50,-18,6
56,-15,3
61,-19,3
48,-12,13
52,0,-7
55,-21,3
60,-21,10
59,-18,11
52,-3,4
54,-21,0
54,2,-5
64,-21,8
61,-15,2
62,-17,14
58,2,-5
57,-24,17
41,-27,15
52,-8,-2
53,-17,-1
49,-3,-7
52,-31,12
53,-26,11
53,-20,13
44,-17,9
52,-2,2
52,-5,6
65,-24,11
53,-19,9
45,-18,8
49,-2,-6
59,-18,14
56,3,-4
64,-17,9
51,1,2
62,-18,4
61,-21,10
52,-15,1
60,-18,11
44,-16,14
57,5,-3
55,-26,12
46,-20,12
55,-4,-1
57,-24,11
58,-20,8
54,-9,-4
49,-32,15
54,-5,5
67,-23,1
49,-31,15
44,-25,15
56,-4,0
60,-18,12
57,-26,14
56,6,-2
53,-4,2
52,-17,-1
51,-18,6
55,-32,20
60,-24,15
66,-21,0
59,-22,11
63,-21,17
59,-17,7
60,-18,13
61,-24,13
55,-22,6
57,-18,8
41,-28,16
57,6,-2
67,-22,-4
47,-20,14
67,-34,5
56,-17,0
55,-21,4
52,0,-2
56,-20,15
61,-16,2
63,-20,8
64,-17,14
52,-2,-1
66,-22,0
57,-23,17
61,-18,12
59,-2,3
54,1,-6
58,-20,16
58,-19,2
48,-16,4
47,-33,18
62,-21,10
50,-3,-8
58,5,-3
62,-18,14
60,-19,8
50,-30,14
58,-3,-2
60,-19,9
52,-2,7
43,-16,11
57,-19,9
66,-23,-1
61,-17,6
54,1,-4
57,-20,7
54,-2,-9
54,2,-3
56,-17,6
52,0,1
67,-33,7
62,-18,9
63,-18,14
66,-24,10
55,-5,-3
45,-16,6
55,-26,13
57,-20,15
51,-10,-2
49,-29,17
50,-16,3
59,-19,15
59,-24,15
62,-18,11
57,5,3
57,-4,5
57,6,1
44,-24,14
58,-3,4
61,-1,-1
60,-1,-3
57,-3,-2
45,-19,13
59,-1,5
64,-22,10
51,-1,-6
67,-20,0
55,-18,7
53,-2,0
68,-34,9
47,-20,8
43,-17,10
61,-19,10
59,-19,12
53,0,-1
63,-18,13
67,-21,6
59,-18,7
58,-3,3
55,-20,1
47,-14,3
46,-22,12
58,-3,6
59,-19,14
57,-20,11
64,-23,14
64,-32,7
43,-16,14
53,-3,-2
52,-1,-7
55,-3,-2
47,-21,14
58,-19,4
53,-20,10
57,5,-2
62,-23,13
52,1,1
53,-31,11
53,-2,-2
46,-19,15
65,-17,10
53,-3,5
61,-19,12
53,0,-6
56,-22,10
58,-20,15
43,-25,13
57,-20,12
63,-21,16
63,-20,9
55,-3,-1
51,-3,-2
42,-25,14
66,-22,-2
58,-4,-6
52,-27,14
62,-21,16
61,-16,3
52,-1,-3
56,-16,3
67,-20,-1
66,-23,9
65,-23,14
56,-4,3
54,-2,-2
56,-20,6
45,-25,16
58,-20,12
62,-19,11
55,0,-4
53,-1,-3
59,-21,16
56,-4,4
52,-27,18
56,-17,5
54,-1,-3
63,-22,12
54,-24,9
51,-16,2
54,-17,4
53,-6,-3
60,0,3
45,-21,13
63,-19,9
67,-21,0
51,-21,11
54,0,-7
54,0,-5
58,-20,13
55,-21,6
63,-22,15
55,-22,8
50,-15,1
63,-21,11
57,-24,12
65,-19,8
59,2,-4
50,-14,0
50,-18,5
50,-28,18
57,-16,3
56,5,3
52,-1,-4
63,-21,15
46,-24,14
65,-18,9
52,-26,10
65,-34,9
59,-20,13
55,-17,4
55,-25,17
55,-21,16
49,-29,16
53,-2,-3
62,-22,13
49,-18,5
56,-23,11
55,2,-2
67,-21,-2
67,-21,-1
64,-18,11
60,-20,14
57,-3,0
66,-34,9
54,-3,-3
56,-19,3
56,-1,-4
53,-1,6
59,0,5
49,-7,-2
59,-18,3
55,-1,-2
65,-21,9
49,-21,9
64,-19,9
51,-3,-8
58,4,3
56,-25,13
59,-17,5
54,3,-1
50,-9,-2
66,-35,11
52,-21,12
61,-21,15
55,-19,7
61,2,-3
46,-20,15
57,-24,15
52,-17,3
57,-2,-7
64,-19,12
67,-35,6
59,-23,13
45,-12,2
53,-19,7
62,1,1
53,-1,2
51,-21,10
66,-23,13
66,-34,6
51,-2,-6
55,-7,-4
42,-18,11
55,-17,3
56,5,0
52,4,1
43,-24,12
66,-22,9
48,-18,5
57,-2,-2
46,-15,4
51,-7,-3
56,-24,16
52,-23,3
49,-22,11
57,-24,13
56,4,4
57,1,-3
43,-23,12
54,-1,0
65,-22,13
64,-20,11
42,-26,17
57,-3,2
64,-34,7
55,-20,7
47,-31,19
47,-12,1
47,-9,-1
50,-30,13
56,-3,1
53,-26,14
65,-21,10
58,-22,13
51,-10,-3
55,-19,4
59,1,-3
66,-35,10
54,-1,-5
53,-21,11
53,-17,2
53,-2,-4
58,-23,14
56,-3,5
67,-35,8
50,-14,-1
56,-2,-1
46,-24,16
53,-21,13
53,-23,6
50,-15,-1
54,-18,4
55,-24,17
54,-2,2
54,2,0
43,-26,13
65,-21,12
53,-26,16
55,0,-1
50,-20,7
41,-25,14
57,-2,6
65,-20,12
58,-2,-1
55,-18,3
55,5,1
50,-19,-1
43,-17,8
49,-4,-5
60,1,-2
49,-11,-1
52,-23,4
57,-23,13
48,-22,15
53,5,1
57,-22,14
58,-2,2
48,-5,-6
57,-1,-2
52,-2,-6
50,-11,-2
52,-8,-4
53,-26,18
41,-17,11
52,-26,11
43,-21,11
44,-23,15
49,-16,2
42,-19,14
53,-3,-4
54,-20,6
58,3,-2
46,-23,16
53,0,3
58,-2,1
55,-4,-4
42,-17,9
44,-19,8
60,2,-2
59,3,2
61,2,1
53,-20,2
55,3,0
43,-20,10
54,-21,8
52,-21,15
56,-2,-5
48,-23,12
42,-23,12
56,-1,-1
66,-20,10
54,-25,17
66,-21,11
67,-36,9
51,-3,-5
47,-14,2
54,-4,-4
50,-4,-6
46,-21,8
49,-5,-4
53,-22,6
56,-22,14
59,2,-2
50,-14,-2
53,1,5
53,-19,4
39,-28,18
52,-22,4
50,-12,-2
55,-24,16
44,-25,17
43,-22,14
55,1,0
59,3,-1
54,3,5
54,0,5
43,-21,14
58,-1,-1
46,-32,18
46,-12,1
43,-24,11
57,2,-1
67,-37,7
53,-19,1
41,-20,13
40,-18,13
57,3,1
67,-37,10
56,-23,14
50,-20,6
48,-23,15
53,-22,7
66,-36,8
51,-21,8
49,-28,18
43,-18,8
58,2,-1
42,-19,15
54,-25,15
55,3,4
41,-20,12
48,-20,6
54,-22,11
50,-22,14
67,-37,8
44,-25,12
58,1,-1
52,-3,-7
42,-18,9
53,-22,8
49,-23,12
39,-26,14
49,-15,0
52,-22,11
53,-23,9
52,-8,-5
45,-21,8
52,-20,4
48,-21,7
58,1,2
44,-21,15
50,-23,1
51,-19,0
56,2,3
51,-5,-5
47,-10,-1
53,3,3
54,1,4
46,-26,16
43,-20,15
50,-10,-3
38,-29,17
42,-22,14
48,-30,15
55,1,4
56,-2,-6
52,-22,9
51,-23,5
56,-1,3
55,2,3
39,-26,15
48,-11,-1
54,-3,-5
50,-25,5
44,-26,13
51,-21,3
41,-22,13
41,-24,11
51,-20,4
51,-9,-5
52,-6,-5
41,-21,14
48,-15,1
53,-4,-5
50,-22,8
49,-19,4
55,-23,14
49,-18,3
50,-21,6
54,-22,14
55,-2,-6
50,-23,12
47,-25,15
38,-30,18
44,-13,3
66,-38,7
48,-24,15
46,-22,8
43,-25,11
53,-5,-5
52,-24,10
47,-9,-2
41,-21,11
51,-23,10
49,-9,-3
30,-27,15
53,-23,11
40,-25,11
44,-15,5
41,-22,11
37,-29,15
46,-26,15
49,-23,9
49,-22,7
65,-38,8
50,-7,-5
47,-23,9
50,-19,2
37,-28,16
51,-6,-6
50,-21,3
50,-26,8
47,-18,4
37,-30,18
45,-23,9
51,-23,12
48,-20,-1
50,-27,15
55,-4,-5
37,-27,14
47,-20,5
48,-12,-1
36,-29,14
48,-18,3
44,-32,19
36,-31,18
49,-7,-5
46,-19,5
48,-17,2
49,-28,15
36,-29,16
40,-24,14
55,-5,-5
48,-21,5
45,-10,-1
37,-29,18
39,-26,17
49,-23,6
36,-29,13
48,-19,-1
51,-24,11
49,-19,2
43,-22,16
49,-24,6
34,-31,15
51,-26,14
50,-24,11
42,-25,10
49,-7,-6
46,-31,16
35,-30,14
49,-22,2
51,-25,11
48,-15,0
48,-29,15
50,-23,15
47,-26,16
43,-32,19
43,-21,8
42,-22,9
33,-30,16
51,-30,10
40,-26,10
53,-23,15
45,-26,13
36,-28,12
31,-28,14
41,-22,16
48,-13,-1
48,-23,6
44,-26,12
46,-11,-1
43,-11,1
37,-29,19
37,-30,14
34,-30,12
49,-14,-2
41,-26,10
37,-31,16
34,-30,17
34,-29,15
42,-24,9
39,-19,12
33,-29,12
40,-22,16
38,-28,11
43,-16,6
39,-21,13
45,-16,4
36,-27,14
39,-21,14
48,-19,2
34,-31,11
49,-25,10
35,-29,11
44,-25,10
30,-27,16
39,-18,11
38,-26,11
50,-28,9
50,-26,17
44,-13,2
39,-20,12
47,-24,7
41,-20,9
48,-14,-1
46,-13,0
37,-31,15
48,-18,1
37,-27,11
47,-22,4
41,-23,9
45,-23,7
42,-26,10
48,-27,6
47,-27,16
43,-31,17
45,-20,5
40,-23,10
48,-25,12
31,-26,12
45,-31,16
35,-30,10
34,-28,14
40,-25,9
35,-31,11
50,-25,13
36,-30,11
38,-32,17
47,-24,5
40,-30,15
45,-26,12
46,-29,16
40,-21,10
33,-28,12
37,-32,16
30,-25,15
49,-26,15
35,-31,10
49,-15,-3
38,-28,10
43,-27,12
36,-29,19
46,-23,5
32,-28,14
45,-25,9
45,-23,6
48,-31,12
35,-33,14
33,-28,14
47,-18,2
44,-11,-3
47,-29,15
36,-28,10
39,-27,9
47,-26,8
37,-30,11
46,-23,4
39,-20,11
41,-24,8
36,-32,13
36,-27,11
45,-25,8
43,-19,6
35,-27,15
48,-26,14
40,-19,9
42,-25,8
36,-27,17
48,-12,-3
45,-24,6
46,-33,13
46,-25,5
49,-29,12
34,-28,16
49,-26,12
32,-27,13
47,-27,7
46,-26,3
46,-27,4
56,-3,-8
46,-26,4
44,-21,5
36,-26,15
47,-32,12
56,-5,-6
41,-27,9
31,-25,13
48,-14,-2
42,-29,14
39,-28,9
38,-30,11
36,-28,19
39,-26,8
31,-24,12
49,-13,-5
44,-32,15
33,-27,12
37,-33,15
46,-11,-5
46,-31,14
43,-28,13
39,-19,10
36,-32,10
36,-26,12
39,-29,10
37,-25,16
31,-24,13
31,-25,14
43,-26,8
32,-28,16
41,-24,7
40,-29,11
44,-25,6
42,-27,9
45,-24,3
44,-22,4
30,-24,16
35,-27,17
40,-25,7
38,-24,11
44,-27,11
39,-20,10
38,-22,12
40,-23,8
45,-25,2
31,-29,18
46,-28,6
37,-30,9
39,-31,13
45,-29,15
38,-32,13
35,-26,15
38,-31,11
45,-12,-4
46,-12,-5
44,-15,3
43,-18,5
44,-26,5
43,-24,5
43,-22,5
41,-22,7
45,-27,9
46,-28,7
37,-24,16
43,-28,12
45,-27,10
34,-28,18
42,-22,6
44,-22,3
39,-33,15
41,-21,7
32,-28,17
36,-25,14
46,-27,12
32,-26,15
42,-21,6
48,-28,10
43,-29,4
33,-26,14
38,-31,10
43,-33,14
41,-30,5
42,-29,4
41,-28,7
32,-23,11
43,-24,4
45,-31,14
34,-26,12
46,-32,12
40,-29,8
43,-26,4
42,-26,5
44,-23,2
42,-28,7
45,-16,2
45,-32,13
47,-13,-4
39,-32,13
37,-23,14
44,-21,3
32,-22,10
41,-29,9
43,-28,8
43,-28,9
46,-28,9
36,-25,12
33,-25,13
42,-29,6
43,-24,3
40,-26,5
44,-22,2
44,-29,6
43,-29,6
48,-29,10
42,-29,7
34,-26,17
45,-28,9
37,-25,10
47,-28,11
39,-32,12
37,-21,13
44,-28,10
40,-24,6
33,-24,11
34,-25,14
36,-24,15
44,-14,0
32,-26,17
41,-18,6
42,-29,10
33,-23,12
41,-16,6
33,-22,13
33,-23,13
35,-26,10
46,-28,12
45,-15,-6
36,-25,11
39,-26,5
48,-14,-4
32,-22,16
45,-22,0
43,-17,4
45,-29,8
40,-19,7
35,-24,16
33,-25,17
43,-22,3
45,-31,13
38,-22,10
33,-23,8
44,-21,2
33,-29,20
39,-32,10
30,-25,18
46,-32,11
42,-16,5
44,-22,1
33,-22,9
44,-29,13
44,-14,-1
36,-24,12
45,-15,0
35,-23,16
42,-30,9
33,-23,17
40,-32,12
44,-18,3
39,-26,4
34,-20,12
34,-22,14
34,-22,15
48,-15,-3
39,-32,9
31,-28,19
39,-21,8
34,-24,10
41,-31,9
35,-22,15
44,-29,12
35,-23,14
43,-30,9
43,-32,13
43,-14,-3
44,-16,2
42,-14,-3
45,-21,0
46,-30,8
41,-24,3
45,-31,12
42,-12,1
34,-22,10
46,-30,9
43,-31,13
42,-25,1
45,-15,-5
45,-30,12
44,-17,-5
41,-19,-4
34,-20,7
42,-31,10
36,-23,11
37,-20,11
40,-21,6
41,-32,10
34,-22,8
45,-15,-1
42,-16,4
42,-19,-4
42,-32,12
46,-15,-2
46,-17,0
42,-24,1
42,-22,3
42,-19,4
35,-21,11
37,-18,10
41,-19,-3
44,-31,11
40,-24,3
34,-19,10
36,-18,11
42,-13,0
44,-32,10
45,-15,-4
41,-17,-2
35,-23,8
41,-18,-2
34,-19,9
45,-16,0
43,-16,-3
38,-19,8
38,-20,8
42,-22,2
40,-17,5
35,-21,9
34,-24,6
37,-25,4
39,-21,6
43,-17,-3
43,-15,-2
43,-19,-4
37,-23,7
39,-19,6
40,-20,-3
40,-20,-2
35,-20,8
35,-22,6
36,-24,6
42,-22,1
43,-19,2
42,-19,3
42,-14,1
42,-24,0
36,-23,6
44,-16,0
36,-24,4
35,-21,5
38,-22,0
36,-20,9
35,-23,5
38,-23,1
41,-17,-1
34,-23,5
36,-18,7
35,-19,4
38,-23,2
39,-21,-1
38,-18,6
40,-17,-1
38,-23,3
37,-20,7
43,-19,1
35,-23,4
38,-21,0
43,-18,1
39,-19,5
35,-22,4
36,-21,1
39,-22,4
41,-16,-1
42,-19,0
44,-18,-4
37,-22,2
43,-17,-1
41,-19,0
39,-23,0
37,-17,5
37,-19,6
38,-22,2
38,-16,4
41,-21,-3
41,-18,2
44,-17,-1
40,-21,3
41,-19,2
44,-17,-2
38,-21,1
37,-21,4
40,-19,3
48,-15,-5
39,-19,0
38,-17,4
40,-20,2
36,-18,4
39,-20,1
38,-18,4
44,-20,-2
38,-16,3
38,-19,0
39,-19,1
40,-23,-1
45,-17,-3
38,-17,3
44,-21,-2
38,-18,0
39,-16,1
38,-18,1
40,-14,2
38,-17,1
45,-19,-3
46,-20,-2
45,-18,-5
